NFO,OPTSTK,ABCAPITAL,CE,165,29/03/2023,0.1,5400,NA,BUY,LIMIT,NA,CLI,NRML,DAY,OMDPCG01,NA,,,NA,NA
NFO,OPTSTK,ABCAPITAL,CE,165,29/03/2023,0.1,5400,NA,BUY,LIMIT,NA,CLI,NRML,DAY,OMDPCG01,NA,,,NA,NA
NFO,OPTSTK,ABCAPITAL,CE,165,29/03/2023,0.1,5400,NA,BUY,LIMIT,NA,CLI,NRML,DAY,OMDPCG01,NA,,,NA,NA
NFO,OPTSTK,ACC,PE,1680,27/04/2023,11,250,NA,BUY,LIMIT,NA,CLI,NRML,DAY,OMDPCG01,NA,,,NA,NA
NFO,OPTSTK,ACC,PE,1660,27/04/2023,9.5,250,NA,BUY,LIMIT,NA,CLI,NRML,DAY,OMDPCG01,NA,,,NA,NA
NFO,OPTSTK,ACC,PE,1700,27/04/2023,26.05,250,NA,BUY,LIMIT,NA,CLI,NRML,DAY,OMDPCG01,NA,,,NA,NA
NFO,OPTSTK,ACC,PE,1700,27/04/2023,26.05,250,NA,BUY,LIMIT,NA,CLI,NRML,DAY,OMDPCG01,NA,,,NA,NA
NFO,OPTSTK,ACC,PE,1700,27/04/2023,26.05,250,NA,BUY,LIMIT,NA,CLI,NRML,DAY,OMDPCG01,NA,,,NA,NA
NFO,OPTSTK,ACC,PE,1700,27/04/2023,26.05,250,NA,BUY,LIMIT,NA,CLI,NRML,DAY,OMDPCG01,NA,,,NA,NA
NFO,OPTSTK,ACC,PE,1640,27/04/2023,8,250,NA,BUY,LIMIT,NA,CLI,NRML,DAY,OMDPCG01,NA,,,NA,NA
NFO,OPTSTK,ADANIENT,CE,1760,29/03/2023,67.3,250,NA,BUY,LIMIT,NA,CLI,NRML,DAY,OMDPCG01,NA,,,NA,NA
NFO,OPTSTK,ADANIENT,CE,1760,29/03/2023,67.3,250,NA,BUY,LIMIT,NA,CLI,NRML,DAY,OMDPCG01,NA,,,NA,NA
NFO,OPTSTK,ADANIENT,CE,1760,29/03/2023,67.3,250,NA,BUY,LIMIT,NA,CLI,NRML,DAY,OMDPCG01,NA,,,NA,NA
NFO,OPTSTK,ADANIENT,CE,1760,29/03/2023,67.3,250,NA,BUY,LIMIT,NA,CLI,NRML,DAY,OMDPCG01,NA,,,NA,NA
NFO,OPTSTK,ADANIENT,CE,1760,29/03/2023,67.3,250,NA,BUY,LIMIT,NA,CLI,NRML,DAY,OMDPCG01,NA,,,NA,NA
NFO,OPTSTK,ADANIENT,CE,1750,29/03/2023,71.15,250,NA,BUY,LIMIT,NA,CLI,NRML,DAY,OMDPCG01,NA,,,NA,NA
NFO,OPTSTK,ADANIENT,CE,1750,29/03/2023,50.85,250,NA,BUY,LIMIT,NA,CLI,NRML,DAY,OMDPCG01,NA,,,NA,NA
NFO,OPTSTK,ADANIENT,CE,1750,29/03/2023,50.85,250,NA,BUY,LIMIT,NA,CLI,NRML,DAY,OMDPCG01,NA,,,NA,NA
NFO,OPTSTK,ADANIENT,CE,1750,29/03/2023,50.85,250,NA,BUY,LIMIT,NA,CLI,NRML,DAY,OMDPCG01,NA,,,NA,NA
NFO,OPTSTK,ADANIENT,CE,1800,29/03/2023,43.6,250,NA,BUY,LIMIT,NA,CLI,NRML,DAY,OMDPCG01,NA,,,NA,NA
NFO,OPTSTK,ADANIENT,CE,1800,29/03/2023,43.6,250,NA,BUY,LIMIT,NA,CLI,NRML,DAY,OMDPCG01,NA,,,NA,NA
NFO,OPTSTK,ADANIENT,CE,1800,29/03/2023,43.6,250,NA,BUY,LIMIT,NA,CLI,NRML,DAY,OMDPCG01,NA,,,NA,NA
NFO,OPTSTK,ADANIENT,CE,1800,29/03/2023,43.6,250,NA,BUY,LIMIT,NA,CLI,NRML,DAY,OMDPCG01,NA,,,NA,NA
NFO,OPTSTK,ADANIENT,CE,1800,29/03/2023,43.6,250,NA,BUY,LIMIT,NA,CLI,NRML,DAY,OMDPCG01,NA,,,NA,NA
NFO,OPTSTK,ADANIENT,CE,1650,29/03/2023,67.1,250,NA,BUY,LIMIT,NA,CLI,NRML,DAY,OMDPCG01,NA,,,NA,NA
NFO,OPTSTK,ADANIENT,CE,1650,29/03/2023,67.1,250,NA,BUY,LIMIT,NA,CLI,NRML,DAY,OMDPCG01,NA,,,NA,NA
NFO,OPTSTK,ADANIENT,CE,1650,29/03/2023,67.1,250,NA,BUY,LIMIT,NA,CLI,NRML,DAY,OMDPCG01,NA,,,NA,NA
NFO,OPTSTK,ADANIENT,CE,1650,29/03/2023,67.1,250,NA,BUY,LIMIT,NA,CLI,NRML,DAY,OMDPCG01,NA,,,NA,NA
NFO,OPTSTK,ADANIENT,CE,1640,29/03/2023,69.6,250,NA,BUY,LIMIT,NA,CLI,NRML,DAY,OMDPCG01,NA,,,NA,NA
NFO,OPTSTK,ADANIENT,CE,1640,29/03/2023,69.6,250,NA,BUY,LIMIT,NA,CLI,NRML,DAY,OMDPCG01,NA,,,NA,NA
NFO,OPTSTK,ADANIENT,CE,1640,29/03/2023,69.6,250,NA,BUY,LIMIT,NA,CLI,NRML,DAY,OMDPCG01,NA,,,NA,NA
NFO,OPTSTK,ADANIENT,CE,1680,29/03/2023,60.75,250,NA,BUY,LIMIT,NA,CLI,NRML,DAY,OMDPCG01,NA,,,NA,NA
NFO,OPTSTK,ADANIENT,CE,1680,29/03/2023,60.75,250,NA,BUY,LIMIT,NA,CLI,NRML,DAY,OMDPCG01,NA,,,NA,NA
NFO,OPTSTK,ADANIENT,CE,1680,29/03/2023,60.75,250,NA,BUY,LIMIT,NA,CLI,NRML,DAY,OMDPCG01,NA,,,NA,NA
NFO,OPTSTK,ADANIENT,CE,1680,29/03/2023,60.75,250,NA,BUY,LIMIT,NA,CLI,NRML,DAY,OMDPCG01,NA,,,NA,NA
NFO,OPTSTK,ADANIENT,CE,1740,29/03/2023,52.95,250,NA,BUY,LIMIT,NA,CLI,NRML,DAY,OMDPCG01,NA,,,NA,NA
NFO,OPTSTK,ADANIENT,CE,1740,29/03/2023,52.95,250,NA,BUY,LIMIT,NA,CLI,NRML,DAY,OMDPCG01,NA,,,NA,NA
NFO,OPTSTK,ADANIENT,CE,1740,29/03/2023,52.95,250,NA,BUY,LIMIT,NA,CLI,NRML,DAY,OMDPCG01,NA,,,NA,NA
NFO,OPTSTK,ADANIENT,CE,1700,29/03/2023,58.4,250,NA,BUY,LIMIT,NA,CLI,NRML,DAY,OMDPCG01,NA,,,NA,NA
NFO,OPTSTK,ADANIENT,CE,1700,29/03/2023,58.4,250,NA,BUY,LIMIT,NA,CLI,NRML,DAY,OMDPCG01,NA,,,NA,NA
NFO,OPTSTK,ADANIENT,CE,1700,29/03/2023,58.4,250,NA,BUY,LIMIT,NA,CLI,NRML,DAY,OMDPCG01,NA,,,NA,NA
NFO,OPTSTK,ADANIENT,CE,1700,29/03/2023,58.4,250,NA,BUY,LIMIT,NA,CLI,NRML,DAY,OMDPCG01,NA,,,NA,NA
NFO,OPTSTK,ADANIENT,CE,1700,29/03/2023,58.4,250,NA,BUY,LIMIT,NA,CLI,NRML,DAY,OMDPCG01,NA,,,NA,NA
NFO,OPTSTK,ADANIENT,CE,1600,29/03/2023,77.65,250,NA,BUY,LIMIT,NA,CLI,NRML,DAY,OMDPCG01,NA,,,NA,NA
NFO,OPTSTK,ADANIENT,CE,1600,29/03/2023,77.65,250,NA,BUY,LIMIT,NA,CLI,NRML,DAY,OMDPCG01,NA,,,NA,NA
NFO,OPTSTK,ADANIENT,CE,1600,29/03/2023,77.65,250,NA,BUY,LIMIT,NA,CLI,NRML,DAY,OMDPCG01,NA,,,NA,NA
NFO,OPTSTK,ADANIENT,CE,1600,29/03/2023,77.65,250,NA,BUY,LIMIT,NA,CLI,NRML,DAY,OMDPCG01,NA,,,NA,NA
NFO,OPTSTK,ADANIENT,CE,1780,29/03/2023,46.15,250,NA,BUY,LIMIT,NA,CLI,NRML,DAY,OMDPCG01,NA,,,NA,NA
NFO,OPTSTK,ADANIENT,CE,1780,29/03/2023,46.15,250,NA,BUY,LIMIT,NA,CLI,NRML,DAY,OMDPCG01,NA,,,NA,NA
NFO,OPTSTK,ADANIENT,CE,1780,29/03/2023,46.15,250,NA,BUY,LIMIT,NA,CLI,NRML,DAY,OMDPCG01,NA,,,NA,NA
NFO,OPTSTK,ADANIENT,CE,1620,29/03/2023,73.7,250,NA,BUY,LIMIT,NA,CLI,NRML,DAY,OMDPCG01,NA,,,NA,NA
NFO,OPTSTK,ADANIENT,CE,1620,29/03/2023,73.7,250,NA,BUY,LIMIT,NA,CLI,NRML,DAY,OMDPCG01,NA,,,NA,NA
NFO,OPTSTK,ADANIENT,CE,1620,29/03/2023,73.7,250,NA,BUY,LIMIT,NA,CLI,NRML,DAY,OMDPCG01,NA,,,NA,NA
NFO,OPTSTK,ADANIENT,CE,1620,29/03/2023,73.7,250,NA,BUY,LIMIT,NA,CLI,NRML,DAY,OMDPCG01,NA,,,NA,NA
NFO,OPTSTK,ADANIENT,CE,1660,29/03/2023,65.65,250,NA,BUY,LIMIT,NA,CLI,NRML,DAY,OMDPCG01,NA,,,NA,NA
NFO,OPTSTK,ADANIENT,CE,1660,29/03/2023,65.65,250,NA,BUY,LIMIT,NA,CLI,NRML,DAY,OMDPCG01,NA,,,NA,NA
NFO,OPTSTK,ADANIENT,CE,1660,29/03/2023,65.65,250,NA,BUY,LIMIT,NA,CLI,NRML,DAY,OMDPCG01,NA,,,NA,NA
NFO,OPTSTK,ADANIENT,CE,1660,29/03/2023,65.65,250,NA,BUY,LIMIT,NA,CLI,NRML,DAY,OMDPCG01,NA,,,NA,NA
NFO,OPTSTK,ADANIENT,CE,1660,29/03/2023,65.65,250,NA,BUY,LIMIT,NA,CLI,NRML,DAY,OMDPCG01,NA,,,NA,NA
NFO,OPTSTK,ADANIENT,PE,2100,29/03/2023,285,250,NA,BUY,LIMIT,NA,CLI,NRML,DAY,OMDPCG01,NA,,,NA,NA
NFO,OPTSTK,ADANIENT,PE,2100,29/03/2023,285,250,NA,BUY,LIMIT,NA,CLI,NRML,DAY,OMDPCG01,NA,,,NA,NA
NFO,OPTSTK,ADANIENT,PE,2100,29/03/2023,285,250,NA,BUY,LIMIT,NA,CLI,NRML,DAY,OMDPCG01,NA,,,NA,NA
NFO,OPTSTK,ADANIENT,PE,2100,29/03/2023,285,250,NA,BUY,LIMIT,NA,CLI,NRML,DAY,OMDPCG01,NA,,,NA,NA
NFO,OPTSTK,ADANIENT,PE,2100,29/03/2023,285,250,NA,BUY,LIMIT,NA,CLI,NRML,DAY,OMDPCG01,NA,,,NA,NA
NFO,OPTSTK,ADANIENT,PE,2100,29/03/2023,285,250,NA,BUY,LIMIT,NA,CLI,NRML,DAY,OMDPCG01,NA,,,NA,NA
NFO,OPTSTK,ADANIENT,PE,2100,29/03/2023,285,250,NA,BUY,LIMIT,NA,CLI,NRML,DAY,OMDPCG01,NA,,,NA,NA
NFO,OPTSTK,ADANIENT,PE,2100,29/03/2023,285,250,NA,BUY,LIMIT,NA,CLI,NRML,DAY,OMDPCG01,NA,,,NA,NA
NFO,OPTSTK,ADANIENT,PE,2100,29/03/2023,285,250,NA,BUY,LIMIT,NA,CLI,NRML,DAY,OMDPCG01,NA,,,NA,NA
NFO,OPTSTK,ADANIENT,CE,1720,29/03/2023,55.2,250,NA,BUY,LIMIT,NA,CLI,NRML,DAY,OMDPCG01,NA,,,NA,NA
NFO,OPTSTK,ADANIENT,CE,1720,29/03/2023,55.2,250,NA,BUY,LIMIT,NA,CLI,NRML,DAY,OMDPCG01,NA,,,NA,NA
NFO,OPTSTK,ADANIENT,CE,1720,29/03/2023,55.2,250,NA,BUY,LIMIT,NA,CLI,NRML,DAY,OMDPCG01,NA,,,NA,NA
NFO,OPTSTK,ADANIENT,PE,1900,29/03/2023,196.9,250,NA,BUY,LIMIT,NA,CLI,NRML,DAY,OMDPCG01,NA,,,NA,NA
NFO,OPTSTK,ADANIENT,PE,1900,29/03/2023,196.9,250,NA,BUY,LIMIT,NA,CLI,NRML,DAY,OMDPCG01,NA,,,NA,NA
NFO,OPTSTK,ADANIENT,PE,1200,27/04/2023,52.6,250,NA,BUY,LIMIT,NA,CLI,NRML,DAY,OMDPCG01,NA,,,NA,NA
NFO,OPTSTK,ADANIENT,PE,1200,27/04/2023,52.6,250,NA,BUY,LIMIT,NA,CLI,NRML,DAY,OMDPCG01,NA,,,NA,NA
NFO,OPTSTK,ADANIENT,PE,1200,27/04/2023,52.6,250,NA,BUY,LIMIT,NA,CLI,NRML,DAY,OMDPCG01,NA,,,NA,NA
NFO,OPTSTK,ADANIENT,PE,1200,27/04/2023,52.6,250,NA,BUY,LIMIT,NA,CLI,NRML,DAY,OMDPCG01,NA,,,NA,NA
NFO,OPTSTK,ADANIENT,PE,1000,27/04/2023,26.55,250,NA,BUY,LIMIT,NA,CLI,NRML,DAY,OMDPCG01,NA,,,NA,NA
NFO,OPTSTK,ADANIENT,PE,1100,27/04/2023,38.65,250,NA,BUY,LIMIT,NA,CLI,NRML,DAY,OMDPCG01,NA,,,NA,NA
NFO,OPTSTK,ADANIENT,PE,1640,27/04/2023,67.5,250,NA,BUY,LIMIT,NA,CLI,NRML,DAY,OMDPCG01,NA,,,NA,NA
NFO,OPTSTK,ADANIENT,PE,1640,27/04/2023,67.5,250,NA,BUY,LIMIT,NA,CLI,NRML,DAY,OMDPCG01,NA,,,NA,NA
NFO,OPTSTK,ADANIENT,PE,1640,27/04/2023,67.5,250,NA,BUY,LIMIT,NA,CLI,NRML,DAY,OMDPCG01,NA,,,NA,NA
NFO,OPTSTK,ADANIENT,PE,1620,27/04/2023,65,250,NA,BUY,LIMIT,NA,CLI,NRML,DAY,OMDPCG01,NA,,,NA,NA
NFO,OPTSTK,ADANIENT,PE,1660,27/04/2023,70,250,NA,BUY,LIMIT,NA,CLI,NRML,DAY,OMDPCG01,NA,,,NA,NA
NFO,OPTSTK,ADANIENT,PE,1660,27/04/2023,70,250,NA,BUY,LIMIT,NA,CLI,NRML,DAY,OMDPCG01,NA,,,NA,NA
NFO,OPTSTK,ADANIENT,PE,1660,27/04/2023,70,250,NA,BUY,LIMIT,NA,CLI,NRML,DAY,OMDPCG01,NA,,,NA,NA
NFO,OPTSTK,ADANIENT,PE,1700,27/04/2023,80.25,250,NA,BUY,LIMIT,NA,CLI,NRML,DAY,OMDPCG01,NA,,,NA,NA
NFO,OPTSTK,ADANIENT,PE,1700,27/04/2023,80.25,250,NA,BUY,LIMIT,NA,CLI,NRML,DAY,OMDPCG01,NA,,,NA,NA
NFO,OPTSTK,ADANIENT,PE,1700,27/04/2023,80.25,250,NA,BUY,LIMIT,NA,CLI,NRML,DAY,OMDPCG01,NA,,,NA,NA
NFO,OPTSTK,ADANIENT,PE,1700,27/04/2023,80.25,250,NA,BUY,LIMIT,NA,CLI,NRML,DAY,OMDPCG01,NA,,,NA,NA
NFO,OPTSTK,ADANIENT,PE,1700,27/04/2023,80.25,250,NA,BUY,LIMIT,NA,CLI,NRML,DAY,OMDPCG01,NA,,,NA,NA
NFO,OPTSTK,ADANIENT,PE,1600,27/04/2023,62.6,250,NA,BUY,LIMIT,NA,CLI,NRML,DAY,OMDPCG01,NA,,,NA,NA
NFO,OPTSTK,ADANIENT,PE,1600,27/04/2023,62.6,250,NA,BUY,LIMIT,NA,CLI,NRML,DAY,OMDPCG01,NA,,,NA,NA
NFO,OPTSTK,ADANIENT,PE,1600,27/04/2023,62.6,250,NA,BUY,LIMIT,NA,CLI,NRML,DAY,OMDPCG01,NA,,,NA,NA
NFO,OPTSTK,ADANIENT,PE,1600,27/04/2023,62.6,250,NA,BUY,LIMIT,NA,CLI,NRML,DAY,OMDPCG01,NA,,,NA,NA
NFO,OPTSTK,ADANIENT,PE,1600,27/04/2023,62.6,250,NA,BUY,LIMIT,NA,CLI,NRML,DAY,OMDPCG01,NA,,,NA,NA
NFO,OPTSTK,ADANIENT,PE,1500,27/04/2023,48.45,250,NA,BUY,LIMIT,NA,CLI,NRML,DAY,OMDPCG01,NA,,,NA,NA
NFO,OPTSTK,ADANIENT,PE,1500,27/04/2023,48.45,250,NA,BUY,LIMIT,NA,CLI,NRML,DAY,OMDPCG01,NA,,,NA,NA
NFO,OPTSTK,ADANIENT,PE,1500,27/04/2023,48.45,250,NA,BUY,LIMIT,NA,CLI,NRML,DAY,OMDPCG01,NA,,,NA,NA
NFO,OPTSTK,ADANIENT,PE,1500,27/04/2023,48.45,250,NA,BUY,LIMIT,NA,CLI,NRML,DAY,OMDPCG01,NA,,,NA,NA
NFO,OPTSTK,ADANIENT,PE,1500,27/04/2023,48.45,250,NA,BUY,LIMIT,NA,CLI,NRML,DAY,OMDPCG01,NA,,,NA,NA
NFO,OPTSTK,ADANIENT,PE,1650,27/04/2023,100,250,NA,BUY,LIMIT,NA,CLI,NRML,DAY,OMDPCG01,NA,,,NA,NA
NFO,OPTSTK,ADANIENT,PE,1650,27/04/2023,100,250,NA,BUY,LIMIT,NA,CLI,NRML,DAY,OMDPCG01,NA,,,NA,NA
NFO,OPTSTK,ADANIENT,PE,1650,27/04/2023,100,250,NA,BUY,LIMIT,NA,CLI,NRML,DAY,OMDPCG01,NA,,,NA,NA
NFO,OPTSTK,ADANIENT,PE,1650,27/04/2023,100,250,NA,BUY,LIMIT,NA,CLI,NRML,DAY,OMDPCG01,NA,,,NA,NA
NFO,OPTSTK,ADANIENT,PE,1650,27/04/2023,100,250,NA,BUY,LIMIT,NA,CLI,NRML,DAY,OMDPCG01,NA,,,NA,NA
NFO,OPTSTK,ADANIENT,PE,1650,27/04/2023,100,250,NA,BUY,LIMIT,NA,CLI,NRML,DAY,OMDPCG01,NA,,,NA,NA
NFO,OPTSTK,ADANIENT,PE,1400,27/04/2023,37.05,250,NA,BUY,LIMIT,NA,CLI,NRML,DAY,OMDPCG01,NA,,,NA,NA
NFO,OPTSTK,ADANIENT,PE,1400,27/04/2023,37.05,250,NA,BUY,LIMIT,NA,CLI,NRML,DAY,OMDPCG01,NA,,,NA,NA
NFO,OPTSTK,ADANIENT,PE,1400,27/04/2023,37.05,250,NA,BUY,LIMIT,NA,CLI,NRML,DAY,OMDPCG01,NA,,,NA,NA
NFO,OPTSTK,ADANIENT,PE,1400,27/04/2023,37.05,250,NA,BUY,LIMIT,NA,CLI,NRML,DAY,OMDPCG01,NA,,,NA,NA
NFO,OPTSTK,ADANIENT,PE,1400,27/04/2023,37.05,250,NA,BUY,LIMIT,NA,CLI,NRML,DAY,OMDPCG01,NA,,,NA,NA
NFO,OPTSTK,ADANIENT,PE,1300,27/04/2023,28.1,250,NA,BUY,LIMIT,NA,CLI,NRML,DAY,OMDPCG01,NA,,,NA,NA
NFO,OPTSTK,ADANIENT,PE,1300,27/04/2023,28.1,250,NA,BUY,LIMIT,NA,CLI,NRML,DAY,OMDPCG01,NA,,,NA,NA
NFO,OPTSTK,ADANIENT,PE,1300,27/04/2023,28.1,250,NA,BUY,LIMIT,NA,CLI,NRML,DAY,OMDPCG01,NA,,,NA,NA
NFO,OPTSTK,ADANIENT,PE,1300,27/04/2023,28.1,250,NA,BUY,LIMIT,NA,CLI,NRML,DAY,OMDPCG01,NA,,,NA,NA
NFO,OPTSTK,ADANIENT,PE,1300,27/04/2023,28.1,250,NA,BUY,LIMIT,NA,CLI,NRML,DAY,OMDPCG01,NA,,,NA,NA
NFO,OPTSTK,ADANIENT,PE,1250,27/04/2023,32.5,250,NA,BUY,LIMIT,NA,CLI,NRML,DAY,OMDPCG01,NA,,,NA,NA
NFO,OPTSTK,ADANIENT,PE,1250,27/04/2023,32.5,250,NA,BUY,LIMIT,NA,CLI,NRML,DAY,OMDPCG01,NA,,,NA,NA
NFO,OPTSTK,ADANIENT,PE,1250,27/04/2023,32.5,250,NA,BUY,LIMIT,NA,CLI,NRML,DAY,OMDPCG01,NA,,,NA,NA
NFO,OPTSTK,ADANIENT,PE,1250,27/04/2023,32.5,250,NA,BUY,LIMIT,NA,CLI,NRML,DAY,OMDPCG01,NA,,,NA,NA
NFO,OPTSTK,ADANIENT,PE,1250,27/04/2023,32.5,250,NA,BUY,LIMIT,NA,CLI,NRML,DAY,OMDPCG01,NA,,,NA,NA
NFO,OPTSTK,ADANIENT,PE,1250,27/04/2023,32.5,250,NA,BUY,LIMIT,NA,CLI,NRML,DAY,OMDPCG01,NA,,,NA,NA
NFO,OPTSTK,ADANIENT,CE,2000,27/04/2023,82.6,250,NA,BUY,LIMIT,NA,CLI,NRML,DAY,OMDPCG01,NA,,,NA,NA
NFO,OPTSTK,ADANIENT,CE,2000,27/04/2023,82.6,250,NA,BUY,LIMIT,NA,CLI,NRML,DAY,OMDPCG01,NA,,,NA,NA
NFO,OPTSTK,ADANIENT,CE,2000,27/04/2023,82.6,250,NA,BUY,LIMIT,NA,CLI,NRML,DAY,OMDPCG01,NA,,,NA,NA
NFO,OPTSTK,ADANIENT,CE,2000,27/04/2023,82.6,250,NA,BUY,LIMIT,NA,CLI,NRML,DAY,OMDPCG01,NA,,,NA,NA
NFO,OPTSTK,ALKEM,CE,3400,29/03/2023,3.65,200,NA,BUY,LIMIT,NA,CLI,NRML,DAY,OMDPCG01,NA,,,NA,NA
NFO,OPTSTK,ALKEM,CE,3400,29/03/2023,3.65,200,NA,BUY,LIMIT,NA,CLI,NRML,DAY,OMDPCG01,NA,,,NA,NA
NFO,OPTSTK,ALKEM,CE,3400,29/03/2023,3.65,200,NA,BUY,LIMIT,NA,CLI,NRML,DAY,OMDPCG01,NA,,,NA,NA
NFO,OPTSTK,ALKEM,CE,3400,29/03/2023,3.65,200,NA,BUY,LIMIT,NA,CLI,NRML,DAY,OMDPCG01,NA,,,NA,NA
NFO,OPTSTK,ALKEM,CE,3340,29/03/2023,5,200,NA,BUY,LIMIT,NA,CLI,NRML,DAY,OMDPCG01,NA,,,NA,NA
NFO,OPTSTK,ALKEM,CE,3340,29/03/2023,5,200,NA,BUY,LIMIT,NA,CLI,NRML,DAY,OMDPCG01,NA,,,NA,NA
NFO,OPTSTK,ALKEM,CE,3380,29/03/2023,4,200,NA,BUY,LIMIT,NA,CLI,NRML,DAY,OMDPCG01,NA,,,NA,NA
NFO,OPTSTK,ALKEM,CE,3380,29/03/2023,4,200,NA,BUY,LIMIT,NA,CLI,NRML,DAY,OMDPCG01,NA,,,NA,NA
NFO,OPTSTK,ALKEM,CE,3320,29/03/2023,6,200,NA,BUY,LIMIT,NA,CLI,NRML,DAY,OMDPCG01,NA,,,NA,NA
NFO,OPTSTK,ALKEM,CE,3320,29/03/2023,6,200,NA,BUY,LIMIT,NA,CLI,NRML,DAY,OMDPCG01,NA,,,NA,NA
NFO,OPTSTK,ALKEM,CE,3320,29/03/2023,6,200,NA,BUY,LIMIT,NA,CLI,NRML,DAY,OMDPCG01,NA,,,NA,NA
NFO,OPTSTK,ALKEM,CE,3360,29/03/2023,4.5,200,NA,BUY,LIMIT,NA,CLI,NRML,DAY,OMDPCG01,NA,,,NA,NA
NFO,OPTSTK,ALKEM,CE,3360,29/03/2023,4.5,200,NA,BUY,LIMIT,NA,CLI,NRML,DAY,OMDPCG01,NA,,,NA,NA
NFO,OPTSTK,ALKEM,CE,3360,29/03/2023,4.5,200,NA,BUY,LIMIT,NA,CLI,NRML,DAY,OMDPCG01,NA,,,NA,NA
NFO,OPTSTK,AMBUJACEM,CE,390,29/03/2023,2.3,1800,NA,BUY,LIMIT,NA,CLI,NRML,DAY,OMDPCG01,NA,,,NA,NA
NFO,OPTSTK,AMBUJACEM,CE,390,29/03/2023,2.3,1800,NA,BUY,LIMIT,NA,CLI,NRML,DAY,OMDPCG01,NA,,,NA,NA
NFO,OPTSTK,AMBUJACEM,CE,390,29/03/2023,2.3,1800,NA,BUY,LIMIT,NA,CLI,NRML,DAY,OMDPCG01,NA,,,NA,NA
NFO,OPTSTK,AMBUJACEM,CE,410,29/03/2023,1.4,1800,NA,BUY,LIMIT,NA,CLI,NRML,DAY,OMDPCG01,NA,,,NA,NA
NFO,OPTSTK,AMBUJACEM,CE,410,29/03/2023,1.4,1800,NA,BUY,LIMIT,NA,CLI,NRML,DAY,OMDPCG01,NA,,,NA,NA
NFO,OPTSTK,AMBUJACEM,CE,410,29/03/2023,1.4,1800,NA,BUY,LIMIT,NA,CLI,NRML,DAY,OMDPCG01,NA,,,NA,NA
NFO,OPTSTK,AMBUJACEM,CE,410,29/03/2023,1.4,1800,NA,BUY,LIMIT,NA,CLI,NRML,DAY,OMDPCG01,NA,,,NA,NA
NFO,OPTSTK,AMBUJACEM,CE,380,29/03/2023,3.4,1800,NA,BUY,LIMIT,NA,CLI,NRML,DAY,OMDPCG01,NA,,,NA,NA
NFO,OPTSTK,AMBUJACEM,CE,380,29/03/2023,3.4,1800,NA,BUY,LIMIT,NA,CLI,NRML,DAY,OMDPCG01,NA,,,NA,NA
NFO,OPTSTK,AMBUJACEM,CE,380,29/03/2023,3.4,1800,NA,BUY,LIMIT,NA,CLI,NRML,DAY,OMDPCG01,NA,,,NA,NA
NFO,OPTSTK,AMBUJACEM,CE,400,29/03/2023,1.8,1800,NA,BUY,LIMIT,NA,CLI,NRML,DAY,OMDPCG01,NA,,,NA,NA
NFO,OPTSTK,AMBUJACEM,CE,400,29/03/2023,1.8,1800,NA,BUY,LIMIT,NA,CLI,NRML,DAY,OMDPCG01,NA,,,NA,NA
NFO,OPTSTK,AMBUJACEM,CE,400,29/03/2023,1.8,1800,NA,BUY,LIMIT,NA,CLI,NRML,DAY,OMDPCG01,NA,,,NA,NA
NFO,OPTSTK,AMBUJACEM,CE,400,29/03/2023,1.8,1800,NA,BUY,LIMIT,NA,CLI,NRML,DAY,OMDPCG01,NA,,,NA,NA
NFO,OPTSTK,AMBUJACEM,CE,400,29/03/2023,1.8,1800,NA,BUY,LIMIT,NA,CLI,NRML,DAY,OMDPCG01,NA,,,NA,NA
NFO,OPTSTK,AMBUJACEM,CE,420,29/03/2023,0.9,1800,NA,BUY,LIMIT,NA,CLI,NRML,DAY,OMDPCG01,NA,,,NA,NA
NFO,OPTSTK,AMBUJACEM,CE,420,29/03/2023,0.9,1800,NA,BUY,LIMIT,NA,CLI,NRML,DAY,OMDPCG01,NA,,,NA,NA
NFO,OPTSTK,AMBUJACEM,CE,420,29/03/2023,0.9,1800,NA,BUY,LIMIT,NA,CLI,NRML,DAY,OMDPCG01,NA,,,NA,NA
NFO,OPTSTK,AMBUJACEM,CE,420,29/03/2023,0.9,1800,NA,BUY,LIMIT,NA,CLI,NRML,DAY,OMDPCG01,NA,,,NA,NA
NFO,OPTSTK,AMBUJACEM,CE,430,29/03/2023,0.7,1800,NA,BUY,LIMIT,NA,CLI,NRML,DAY,OMDPCG01,NA,,,NA,NA
NFO,OPTSTK,AMBUJACEM,CE,430,29/03/2023,0.7,1800,NA,BUY,LIMIT,NA,CLI,NRML,DAY,OMDPCG01,NA,,,NA,NA
NFO,OPTSTK,AMBUJACEM,PE,340,27/04/2023,7.2,1800,NA,BUY,LIMIT,NA,CLI,NRML,DAY,OMDPCG01,NA,,,NA,NA
NFO,OPTSTK,AMBUJACEM,PE,300,27/04/2023,2.75,1800,NA,BUY,LIMIT,NA,CLI,NRML,DAY,OMDPCG01,NA,,,NA,NA
NFO,OPTSTK,AMBUJACEM,PE,300,27/04/2023,2.75,1800,NA,BUY,LIMIT,NA,CLI,NRML,DAY,OMDPCG01,NA,,,NA,NA
NFO,OPTSTK,AMBUJACEM,PE,300,27/04/2023,2.75,1800,NA,BUY,LIMIT,NA,CLI,NRML,DAY,OMDPCG01,NA,,,NA,NA
NFO,OPTSTK,AMBUJACEM,PE,300,27/04/2023,2.75,1800,NA,BUY,LIMIT,NA,CLI,NRML,DAY,OMDPCG01,NA,,,NA,NA
NFO,OPTSTK,AMBUJACEM,PE,300,27/04/2023,2.75,1800,NA,BUY,LIMIT,NA,CLI,NRML,DAY,OMDPCG01,NA,,,NA,NA
NFO,OPTSTK,AMBUJACEM,PE,330,27/04/2023,4.55,1800,NA,BUY,LIMIT,NA,CLI,NRML,DAY,OMDPCG01,NA,,,NA,NA
NFO,OPTSTK,AMBUJACEM,PE,330,27/04/2023,4.55,1800,NA,BUY,LIMIT,NA,CLI,NRML,DAY,OMDPCG01,NA,,,NA,NA
NFO,OPTSTK,AMBUJACEM,PE,330,27/04/2023,4.55,1800,NA,BUY,LIMIT,NA,CLI,NRML,DAY,OMDPCG01,NA,,,NA,NA
NFO,OPTSTK,AMBUJACEM,PE,330,27/04/2023,4.55,1800,NA,BUY,LIMIT,NA,CLI,NRML,DAY,OMDPCG01,NA,,,NA,NA
NFO,OPTSTK,AMBUJACEM,PE,310,27/04/2023,3.25,1800,NA,BUY,LIMIT,NA,CLI,NRML,DAY,OMDPCG01,NA,,,NA,NA
NFO,OPTSTK,AMBUJACEM,PE,310,27/04/2023,3.25,1800,NA,BUY,LIMIT,NA,CLI,NRML,DAY,OMDPCG01,NA,,,NA,NA
NFO,OPTSTK,AMBUJACEM,PE,310,27/04/2023,3.25,1800,NA,BUY,LIMIT,NA,CLI,NRML,DAY,OMDPCG01,NA,,,NA,NA
NFO,OPTSTK,AMBUJACEM,PE,310,27/04/2023,3.25,1800,NA,BUY,LIMIT,NA,CLI,NRML,DAY,OMDPCG01,NA,,,NA,NA
NFO,OPTSTK,AMBUJACEM,PE,320,27/04/2023,3.95,1800,NA,BUY,LIMIT,NA,CLI,NRML,DAY,OMDPCG01,NA,,,NA,NA
NFO,OPTSTK,AMBUJACEM,PE,320,27/04/2023,3.95,1800,NA,BUY,LIMIT,NA,CLI,NRML,DAY,OMDPCG01,NA,,,NA,NA
NFO,OPTSTK,AMBUJACEM,PE,320,27/04/2023,3.95,1800,NA,BUY,LIMIT,NA,CLI,NRML,DAY,OMDPCG01,NA,,,NA,NA
NFO,OPTSTK,AMBUJACEM,PE,320,27/04/2023,3.95,1800,NA,BUY,LIMIT,NA,CLI,NRML,DAY,OMDPCG01,NA,,,NA,NA
NFO,OPTSTK,AMBUJACEM,PE,290,27/04/2023,1.5,1800,NA,BUY,LIMIT,NA,CLI,NRML,DAY,OMDPCG01,NA,,,NA,NA
NFO,OPTSTK,AMBUJACEM,PE,290,27/04/2023,1.5,1800,NA,BUY,LIMIT,NA,CLI,NRML,DAY,OMDPCG01,NA,,,NA,NA
NFO,OPTSTK,APOLLOHOSP,CE,4800,29/03/2023,3.05,125,NA,BUY,LIMIT,NA,CLI,NRML,DAY,OMDPCG01,NA,,,NA,NA
NFO,OPTSTK,APOLLOHOSP,CE,4800,29/03/2023,3.05,125,NA,BUY,LIMIT,NA,CLI,NRML,DAY,OMDPCG01,NA,,,NA,NA
NFO,OPTSTK,APOLLOHOSP,CE,4800,29/03/2023,3.05,125,NA,BUY,LIMIT,NA,CLI,NRML,DAY,OMDPCG01,NA,,,NA,NA
NFO,OPTSTK,ASHOKLEY,PE,120,27/04/2023,0.2,5000,NA,BUY,LIMIT,NA,CLI,NRML,DAY,OMDPCG01,NA,,,NA,NA
NFO,OPTSTK,ASHOKLEY,PE,120,27/04/2023,0.2,5000,NA,BUY,LIMIT,NA,CLI,NRML,DAY,OMDPCG01,NA,,,NA,NA
NFO,OPTSTK,ASHOKLEY,PE,120,27/04/2023,0.2,5000,NA,BUY,LIMIT,NA,CLI,NRML,DAY,OMDPCG01,NA,,,NA,NA
NFO,OPTSTK,ASHOKLEY,PE,120,27/04/2023,0.2,5000,NA,BUY,LIMIT,NA,CLI,NRML,DAY,OMDPCG01,NA,,,NA,NA
NFO,OPTSTK,ASHOKLEY,PE,122.5,27/04/2023,0.2,5000,NA,BUY,LIMIT,NA,CLI,NRML,DAY,OMDPCG01,NA,,,NA,NA
NFO,OPTSTK,ASHOKLEY,PE,122.5,27/04/2023,0.2,5000,NA,BUY,LIMIT,NA,CLI,NRML,DAY,OMDPCG01,NA,,,NA,NA
NFO,OPTSTK,ASHOKLEY,PE,122.5,27/04/2023,0.2,5000,NA,BUY,LIMIT,NA,CLI,NRML,DAY,OMDPCG01,NA,,,NA,NA
NFO,OPTSTK,ASHOKLEY,PE,125,27/04/2023,0.3,5000,NA,BUY,LIMIT,NA,CLI,NRML,DAY,OMDPCG01,NA,,,NA,NA
NFO,OPTSTK,ASHOKLEY,PE,125,27/04/2023,0.3,5000,NA,BUY,LIMIT,NA,CLI,NRML,DAY,OMDPCG01,NA,,,NA,NA
NFO,OPTSTK,ASHOKLEY,PE,125,27/04/2023,0.3,5000,NA,BUY,LIMIT,NA,CLI,NRML,DAY,OMDPCG01,NA,,,NA,NA
NFO,OPTSTK,ASHOKLEY,PE,125,27/04/2023,0.3,5000,NA,BUY,LIMIT,NA,CLI,NRML,DAY,OMDPCG01,NA,,,NA,NA
NFO,OPTSTK,AUROPHARMA,CE,510,29/03/2023,0.5,1000,NA,BUY,LIMIT,NA,CLI,NRML,DAY,OMDPCG01,NA,,,NA,NA
NFO,OPTSTK,AUROPHARMA,CE,510,29/03/2023,0.5,1000,NA,BUY,LIMIT,NA,CLI,NRML,DAY,OMDPCG01,NA,,,NA,NA
NFO,OPTSTK,AUROPHARMA,CE,510,29/03/2023,0.5,1000,NA,BUY,LIMIT,NA,CLI,NRML,DAY,OMDPCG01,NA,,,NA,NA
NFO,OPTSTK,AUROPHARMA,CE,510,29/03/2023,0.5,1000,NA,BUY,LIMIT,NA,CLI,NRML,DAY,OMDPCG01,NA,,,NA,NA
NFO,OPTSTK,AUROPHARMA,CE,515,29/03/2023,0.4,1000,NA,BUY,LIMIT,NA,CLI,NRML,DAY,OMDPCG01,NA,,,NA,NA
NFO,OPTSTK,AUROPHARMA,CE,515,29/03/2023,0.4,1000,NA,BUY,LIMIT,NA,CLI,NRML,DAY,OMDPCG01,NA,,,NA,NA
NFO,OPTSTK,AUROPHARMA,CE,515,29/03/2023,0.4,1000,NA,BUY,LIMIT,NA,CLI,NRML,DAY,OMDPCG01,NA,,,NA,NA
NFO,OPTSTK,AUROPHARMA,CE,515,29/03/2023,0.4,1000,NA,BUY,LIMIT,NA,CLI,NRML,DAY,OMDPCG01,NA,,,NA,NA
NFO,OPTSTK,AUROPHARMA,CE,515,29/03/2023,0.4,1000,NA,BUY,LIMIT,NA,CLI,NRML,DAY,OMDPCG01,NA,,,NA,NA
NFO,OPTSTK,BAJAJFINSV,CE,1460,29/03/2023,3.75,500,NA,BUY,LIMIT,NA,CLI,NRML,DAY,OMDPCG01,NA,,,NA,NA
NFO,OPTSTK,BAJAJFINSV,CE,1460,29/03/2023,3.75,500,NA,BUY,LIMIT,NA,CLI,NRML,DAY,OMDPCG01,NA,,,NA,NA
NFO,OPTSTK,BAJAJFINSV,CE,1560,29/03/2023,0.75,500,NA,BUY,LIMIT,NA,CLI,NRML,DAY,OMDPCG01,NA,,,NA,NA
NFO,OPTSTK,BAJAJFINSV,CE,1560,29/03/2023,0.75,500,NA,BUY,LIMIT,NA,CLI,NRML,DAY,OMDPCG01,NA,,,NA,NA
NFO,OPTSTK,BAJAJFINSV,CE,1440,29/03/2023,1.05,500,NA,BUY,LIMIT,NA,CLI,NRML,DAY,OMDPCG01,NA,,,NA,NA
NFO,OPTSTK,BAJAJFINSV,CE,1440,29/03/2023,1.05,500,NA,BUY,LIMIT,NA,CLI,NRML,DAY,OMDPCG01,NA,,,NA,NA
NFO,OPTSTK,BAJAJFINSV,CE,1440,29/03/2023,1.05,500,NA,BUY,LIMIT,NA,CLI,NRML,DAY,OMDPCG01,NA,,,NA,NA
NFO,OPTSTK,BAJAJFINSV,CE,1440,29/03/2023,1.05,500,NA,BUY,LIMIT,NA,CLI,NRML,DAY,OMDPCG01,NA,,,NA,NA
NFO,OPTSTK,BAJFINANCE,CE,6600,29/03/2023,19.05,125,NA,BUY,LIMIT,NA,CLI,NRML,DAY,OMDPCG01,NA,,,NA,NA
NFO,OPTSTK,BAJFINANCE,CE,6600,29/03/2023,19.05,125,NA,BUY,LIMIT,NA,CLI,NRML,DAY,OMDPCG01,NA,,,NA,NA
NFO,OPTSTK,BAJFINANCE,CE,6600,29/03/2023,19.05,125,NA,BUY,LIMIT,NA,CLI,NRML,DAY,OMDPCG01,NA,,,NA,NA
NFO,OPTSTK,BAJFINANCE,CE,6400,29/03/2023,3.65,125,NA,BUY,LIMIT,NA,CLI,NRML,DAY,OMDPCG01,NA,,,NA,NA
NFO,OPTSTK,BAJFINANCE,CE,6300,29/03/2023,5.1,125,NA,BUY,LIMIT,NA,CLI,NRML,DAY,OMDPCG01,NA,,,NA,NA
NFO,OPTSTK,BAJFINANCE,CE,6300,29/03/2023,5.1,125,NA,BUY,LIMIT,NA,CLI,NRML,DAY,OMDPCG01,NA,,,NA,NA
NFO,OPTSTK,BAJFINANCE,CE,6500,29/03/2023,2.8,125,NA,BUY,LIMIT,NA,CLI,NRML,DAY,OMDPCG01,NA,,,NA,NA
NFO,OPTSTK,BANKBARODA,CE,170,29/03/2023,1.7,5850,NA,BUY,LIMIT,NA,CLI,NRML,DAY,OMDPCG01,NA,,,NA,NA
NFO,OPTSTK,BANKBARODA,CE,170,29/03/2023,1.7,5850,NA,BUY,LIMIT,NA,CLI,NRML,DAY,OMDPCG01,NA,,,NA,NA
NFO,OPTSTK,BANKBARODA,CE,170,29/03/2023,1.7,5850,NA,BUY,LIMIT,NA,CLI,NRML,DAY,OMDPCG01,NA,,,NA,NA
NFO,OPTSTK,BANKBARODA,CE,170,29/03/2023,1.7,5850,NA,BUY,LIMIT,NA,CLI,NRML,DAY,OMDPCG01,NA,,,NA,NA
NFO,OPTSTK,BANKBARODA,PE,140,27/04/2023,0.75,5850,NA,BUY,LIMIT,NA,CLI,NRML,DAY,OMDPCG01,NA,,,NA,NA
NFO,OPTSTK,BANKBARODA,PE,140,27/04/2023,0.75,5850,NA,BUY,LIMIT,NA,CLI,NRML,DAY,OMDPCG01,NA,,,NA,NA
NFO,OPTSTK,BANKBARODA,PE,140,27/04/2023,0.75,5850,NA,BUY,LIMIT,NA,CLI,NRML,DAY,OMDPCG01,NA,,,NA,NA
NFO,OPTSTK,BANKBARODA,PE,142.5,27/04/2023,0.75,5850,NA,BUY,LIMIT,NA,CLI,NRML,DAY,OMDPCG01,NA,,,NA,NA
NFO,OPTIDX,BANKNIFTY,CE,39000,16/03/2023,53.5,25,NA,BUY,LIMIT,NA,CLI,NRML,DAY,OMDPCG01,NA,,,NA,NA
NFO,OPTSTK,BHEL,PE,65,27/04/2023,0.3,10500,NA,BUY,LIMIT,NA,CLI,NRML,DAY,OMDPCG01,NA,,,NA,NA
NFO,OPTSTK,BHEL,PE,65,27/04/2023,0.3,10500,NA,BUY,LIMIT,NA,CLI,NRML,DAY,OMDPCG01,NA,,,NA,NA
NFO,OPTSTK,BIOCON,CE,245,29/03/2023,0.3,2300,NA,BUY,LIMIT,NA,CLI,NRML,DAY,OMDPCG01,NA,,,NA,NA
NFO,OPTSTK,BIOCON,CE,245,29/03/2023,0.3,2300,NA,BUY,LIMIT,NA,CLI,NRML,DAY,OMDPCG01,NA,,,NA,NA
NFO,OPTSTK,BIOCON,CE,242.5,29/03/2023,0.4,2300,NA,BUY,LIMIT,NA,CLI,NRML,DAY,OMDPCG01,NA,,,NA,NA
NFO,OPTSTK,BIOCON,CE,242.5,29/03/2023,0.4,2300,NA,BUY,LIMIT,NA,CLI,NRML,DAY,OMDPCG01,NA,,,NA,NA
NFO,OPTSTK,BIOCON,CE,242.5,29/03/2023,0.4,2300,NA,BUY,LIMIT,NA,CLI,NRML,DAY,OMDPCG01,NA,,,NA,NA
NFO,OPTSTK,BIOCON,CE,247.5,29/03/2023,0.25,2300,NA,BUY,LIMIT,NA,CLI,NRML,DAY,OMDPCG01,NA,,,NA,NA
NFO,OPTSTK,BIOCON,CE,247.5,29/03/2023,0.25,2300,NA,BUY,LIMIT,NA,CLI,NRML,DAY,OMDPCG01,NA,,,NA,NA
NFO,OPTSTK,BIOCON,CE,255,29/03/2023,0.15,2300,NA,BUY,LIMIT,NA,CLI,NRML,DAY,OMDPCG01,NA,,,NA,NA
NFO,OPTSTK,BIOCON,CE,255,29/03/2023,0.15,2300,NA,BUY,LIMIT,NA,CLI,NRML,DAY,OMDPCG01,NA,,,NA,NA
NFO,OPTSTK,BIOCON,CE,252.5,29/03/2023,0.2,2300,NA,BUY,LIMIT,NA,CLI,NRML,DAY,OMDPCG01,NA,,,NA,NA
NFO,OPTSTK,BIOCON,CE,252.5,29/03/2023,0.2,2300,NA,BUY,LIMIT,NA,CLI,NRML,DAY,OMDPCG01,NA,,,NA,NA
NFO,OPTSTK,BIOCON,CE,250,29/03/2023,0.2,2300,NA,BUY,LIMIT,NA,CLI,NRML,DAY,OMDPCG01,NA,,,NA,NA
NFO,OPTSTK,BIOCON,CE,250,29/03/2023,0.2,2300,NA,BUY,LIMIT,NA,CLI,NRML,DAY,OMDPCG01,NA,,,NA,NA
NFO,OPTSTK,BIOCON,CE,250,29/03/2023,0.2,2300,NA,BUY,LIMIT,NA,CLI,NRML,DAY,OMDPCG01,NA,,,NA,NA
NFO,OPTSTK,BPCL,PE,290,27/04/2023,0.45,1800,NA,BUY,LIMIT,NA,CLI,NRML,DAY,OMDPCG01,NA,,,NA,NA
NFO,OPTSTK,BPCL,PE,290,27/04/2023,0.45,1800,NA,BUY,LIMIT,NA,CLI,NRML,DAY,OMDPCG01,NA,,,NA,NA
NFO,OPTSTK,BPCL,PE,300,27/04/2023,0.6,1800,NA,BUY,LIMIT,NA,CLI,NRML,DAY,OMDPCG01,NA,,,NA,NA
NFO,OPTSTK,BPCL,PE,300,27/04/2023,0.6,1800,NA,BUY,LIMIT,NA,CLI,NRML,DAY,OMDPCG01,NA,,,NA,NA
NFO,OPTSTK,BPCL,PE,300,27/04/2023,0.6,1800,NA,BUY,LIMIT,NA,CLI,NRML,DAY,OMDPCG01,NA,,,NA,NA
NFO,OPTSTK,BSOFT,CE,330,29/03/2023,0.15,2000,NA,BUY,LIMIT,NA,CLI,NRML,DAY,OMDPCG01,NA,,,NA,NA
NFO,OPTSTK,BSOFT,CE,330,29/03/2023,0.15,2000,NA,BUY,LIMIT,NA,CLI,NRML,DAY,OMDPCG01,NA,,,NA,NA
NFO,OPTSTK,BSOFT,CE,330,29/03/2023,0.15,2000,NA,BUY,LIMIT,NA,CLI,NRML,DAY,OMDPCG01,NA,,,NA,NA
NFO,OPTSTK,BSOFT,CE,330,29/03/2023,0.15,2000,NA,BUY,LIMIT,NA,CLI,NRML,DAY,OMDPCG01,NA,,,NA,NA
NFO,OPTSTK,BSOFT,CE,325,29/03/2023,0.25,2000,NA,BUY,LIMIT,NA,CLI,NRML,DAY,OMDPCG01,NA,,,NA,NA
NFO,OPTSTK,BSOFT,CE,325,29/03/2023,0.25,2000,NA,BUY,LIMIT,NA,CLI,NRML,DAY,OMDPCG01,NA,,,NA,NA
NFO,OPTSTK,BSOFT,CE,325,29/03/2023,0.25,2000,NA,BUY,LIMIT,NA,CLI,NRML,DAY,OMDPCG01,NA,,,NA,NA
NFO,OPTSTK,BSOFT,CE,325,29/03/2023,0.25,2000,NA,BUY,LIMIT,NA,CLI,NRML,DAY,OMDPCG01,NA,,,NA,NA
NFO,OPTSTK,CANBK,CE,305,29/03/2023,1.8,2700,NA,BUY,LIMIT,NA,CLI,NRML,DAY,OMDPCG01,NA,,,NA,NA
NFO,OPTSTK,CANBK,CE,305,29/03/2023,1.8,2700,NA,BUY,LIMIT,NA,CLI,NRML,DAY,OMDPCG01,NA,,,NA,NA
NFO,OPTSTK,CANBK,CE,305,29/03/2023,1.8,2700,NA,BUY,LIMIT,NA,CLI,NRML,DAY,OMDPCG01,NA,,,NA,NA
NFO,OPTSTK,CANBK,CE,300,29/03/2023,2.45,2700,NA,BUY,LIMIT,NA,CLI,NRML,DAY,OMDPCG01,NA,,,NA,NA
NFO,OPTSTK,CANBK,CE,300,29/03/2023,2.45,2700,NA,BUY,LIMIT,NA,CLI,NRML,DAY,OMDPCG01,NA,,,NA,NA
NFO,OPTSTK,CANBK,CE,300,29/03/2023,2.45,2700,NA,BUY,LIMIT,NA,CLI,NRML,DAY,OMDPCG01,NA,,,NA,NA
NFO,OPTSTK,CANBK,CE,310,29/03/2023,1.3,2700,NA,BUY,LIMIT,NA,CLI,NRML,DAY,OMDPCG01,NA,,,NA,NA
NFO,OPTSTK,CANBK,CE,310,29/03/2023,1.3,2700,NA,BUY,LIMIT,NA,CLI,NRML,DAY,OMDPCG01,NA,,,NA,NA
NFO,OPTSTK,CANBK,CE,310,29/03/2023,1.3,2700,NA,BUY,LIMIT,NA,CLI,NRML,DAY,OMDPCG01,NA,,,NA,NA
NFO,OPTSTK,CANBK,CE,310,29/03/2023,1.3,2700,NA,BUY,LIMIT,NA,CLI,NRML,DAY,OMDPCG01,NA,,,NA,NA
NFO,OPTSTK,CANBK,CE,310,29/03/2023,1.3,2700,NA,BUY,LIMIT,NA,CLI,NRML,DAY,OMDPCG01,NA,,,NA,NA
NFO,OPTSTK,CANFINHOME,CE,620,29/03/2023,2.9,975,NA,BUY,LIMIT,NA,CLI,NRML,DAY,OMDPCG01,NA,,,NA,NA
NFO,OPTSTK,CANFINHOME,CE,590,29/03/2023,0.7,975,NA,BUY,LIMIT,NA,CLI,NRML,DAY,OMDPCG01,NA,,,NA,NA
NFO,OPTSTK,CANFINHOME,CE,590,29/03/2023,0.7,975,NA,BUY,LIMIT,NA,CLI,NRML,DAY,OMDPCG01,NA,,,NA,NA
NFO,OPTSTK,CANFINHOME,CE,590,29/03/2023,0.7,975,NA,BUY,LIMIT,NA,CLI,NRML,DAY,OMDPCG01,NA,,,NA,NA
NFO,OPTSTK,CANFINHOME,CE,610,29/03/2023,0.45,975,NA,BUY,LIMIT,NA,CLI,NRML,DAY,OMDPCG01,NA,,,NA,NA
NFO,OPTSTK,CANFINHOME,CE,610,29/03/2023,0.45,975,NA,BUY,LIMIT,NA,CLI,NRML,DAY,OMDPCG01,NA,,,NA,NA
NFO,OPTSTK,CANFINHOME,CE,610,29/03/2023,0.45,975,NA,BUY,LIMIT,NA,CLI,NRML,DAY,OMDPCG01,NA,,,NA,NA
NFO,OPTSTK,CANFINHOME,CE,580,29/03/2023,0.85,975,NA,BUY,LIMIT,NA,CLI,NRML,DAY,OMDPCG01,NA,,,NA,NA
NFO,OPTSTK,CANFINHOME,CE,580,29/03/2023,0.85,975,NA,BUY,LIMIT,NA,CLI,NRML,DAY,OMDPCG01,NA,,,NA,NA
NFO,OPTSTK,CANFINHOME,CE,600,29/03/2023,0.55,975,NA,BUY,LIMIT,NA,CLI,NRML,DAY,OMDPCG01,NA,,,NA,NA
NFO,OPTSTK,CANFINHOME,CE,600,29/03/2023,0.55,975,NA,BUY,LIMIT,NA,CLI,NRML,DAY,OMDPCG01,NA,,,NA,NA
NFO,OPTSTK,CHOLAFIN,PE,700,29/03/2023,1.65,1250,NA,BUY,LIMIT,NA,CLI,NRML,DAY,OMDPCG01,NA,,,NA,NA
NFO,OPTSTK,CHOLAFIN,PE,700,29/03/2023,1.65,1250,NA,BUY,LIMIT,NA,CLI,NRML,DAY,OMDPCG01,NA,,,NA,NA
NFO,OPTSTK,CHOLAFIN,PE,700,29/03/2023,1.65,1250,NA,BUY,LIMIT,NA,CLI,NRML,DAY,OMDPCG01,NA,,,NA,NA
NFO,OPTSTK,CHOLAFIN,PE,700,29/03/2023,1.65,1250,NA,BUY,LIMIT,NA,CLI,NRML,DAY,OMDPCG01,NA,,,NA,NA
NFO,OPTSTK,CHOLAFIN,CE,840,29/03/2023,0.3,1250,NA,BUY,LIMIT,NA,CLI,NRML,DAY,OMDPCG01,NA,,,NA,NA
NFO,OPTSTK,CHOLAFIN,CE,840,29/03/2023,0.3,1250,NA,BUY,LIMIT,NA,CLI,NRML,DAY,OMDPCG01,NA,,,NA,NA
NFO,OPTSTK,CHOLAFIN,CE,840,29/03/2023,0.3,1250,NA,BUY,LIMIT,NA,CLI,NRML,DAY,OMDPCG01,NA,,,NA,NA
NFO,OPTSTK,CHOLAFIN,CE,830,29/03/2023,0.5,1250,NA,BUY,LIMIT,NA,CLI,NRML,DAY,OMDPCG01,NA,,,NA,NA
NFO,OPTSTK,CHOLAFIN,CE,830,29/03/2023,0.5,1250,NA,BUY,LIMIT,NA,CLI,NRML,DAY,OMDPCG01,NA,,,NA,NA
NFO,OPTSTK,CHOLAFIN,CE,820,29/03/2023,0.6,1250,NA,BUY,LIMIT,NA,CLI,NRML,DAY,OMDPCG01,NA,,,NA,NA
NFO,OPTSTK,CHOLAFIN,CE,820,29/03/2023,0.6,1250,NA,BUY,LIMIT,NA,CLI,NRML,DAY,OMDPCG01,NA,,,NA,NA
NFO,OPTSTK,CHOLAFIN,CE,820,29/03/2023,0.6,1250,NA,BUY,LIMIT,NA,CLI,NRML,DAY,OMDPCG01,NA,,,NA,NA
NFO,OPTSTK,CHOLAFIN,CE,820,29/03/2023,0.6,1250,NA,BUY,LIMIT,NA,CLI,NRML,DAY,OMDPCG01,NA,,,NA,NA
NFO,OPTSTK,CHOLAFIN,CE,820,29/03/2023,0.6,1250,NA,BUY,LIMIT,NA,CLI,NRML,DAY,OMDPCG01,NA,,,NA,NA
NFO,OPTSTK,CIPLA,CE,990,29/03/2023,0.25,650,NA,BUY,LIMIT,NA,CLI,NRML,DAY,OMDPCG01,NA,,,NA,NA
NFO,OPTSTK,CIPLA,CE,1000,29/03/2023,0.3,650,NA,BUY,LIMIT,NA,CLI,NRML,DAY,OMDPCG01,NA,,,NA,NA
NFO,OPTSTK,CIPLA,CE,1000,29/03/2023,0.3,650,NA,BUY,LIMIT,NA,CLI,NRML,DAY,OMDPCG01,NA,,,NA,NA
NFO,OPTSTK,COFORGE,CE,4350,29/03/2023,7.9,150,NA,BUY,LIMIT,NA,CLI,NRML,DAY,OMDPCG01,NA,,,NA,NA
NFO,OPTSTK,COFORGE,CE,4350,29/03/2023,7.9,150,NA,BUY,LIMIT,NA,CLI,NRML,DAY,OMDPCG01,NA,,,NA,NA
NFO,OPTSTK,COFORGE,CE,4350,29/03/2023,7.9,150,NA,BUY,LIMIT,NA,CLI,NRML,DAY,OMDPCG01,NA,,,NA,NA
NFO,OPTSTK,COFORGE,CE,4350,29/03/2023,7.9,150,NA,BUY,LIMIT,NA,CLI,NRML,DAY,OMDPCG01,NA,,,NA,NA
NFO,OPTSTK,COFORGE,CE,4450,29/03/2023,5,150,NA,BUY,LIMIT,NA,CLI,NRML,DAY,OMDPCG01,NA,,,NA,NA
NFO,OPTSTK,COFORGE,CE,4450,29/03/2023,5,150,NA,BUY,LIMIT,NA,CLI,NRML,DAY,OMDPCG01,NA,,,NA,NA
NFO,OPTSTK,COFORGE,CE,4450,29/03/2023,5,150,NA,BUY,LIMIT,NA,CLI,NRML,DAY,OMDPCG01,NA,,,NA,NA
NFO,OPTSTK,COFORGE,CE,4300,29/03/2023,10.05,150,NA,BUY,LIMIT,NA,CLI,NRML,DAY,OMDPCG01,NA,,,NA,NA
NFO,OPTSTK,COFORGE,CE,4300,29/03/2023,10.05,150,NA,BUY,LIMIT,NA,CLI,NRML,DAY,OMDPCG01,NA,,,NA,NA
NFO,OPTSTK,COFORGE,CE,4400,29/03/2023,6.2,150,NA,BUY,LIMIT,NA,CLI,NRML,DAY,OMDPCG01,NA,,,NA,NA
NFO,OPTSTK,COFORGE,CE,4400,29/03/2023,6.2,150,NA,BUY,LIMIT,NA,CLI,NRML,DAY,OMDPCG01,NA,,,NA,NA
NFO,OPTSTK,DIVISLAB,CE,3000,29/03/2023,3.75,150,NA,BUY,LIMIT,NA,CLI,NRML,DAY,OMDPCG01,NA,,,NA,NA
NFO,OPTSTK,DIVISLAB,CE,3000,29/03/2023,3.75,150,NA,BUY,LIMIT,NA,CLI,NRML,DAY,OMDPCG01,NA,,,NA,NA
NFO,OPTSTK,DIVISLAB,CE,3000,29/03/2023,3.75,150,NA,BUY,LIMIT,NA,CLI,NRML,DAY,OMDPCG01,NA,,,NA,NA
NFO,OPTSTK,DIVISLAB,CE,3000,29/03/2023,3.75,150,NA,BUY,LIMIT,NA,CLI,NRML,DAY,OMDPCG01,NA,,,NA,NA
NFO,OPTSTK,DLF,CE,390,29/03/2023,0.15,1650,NA,BUY,LIMIT,NA,CLI,NRML,DAY,OMDPCG01,NA,,,NA,NA
NFO,OPTSTK,DLF,CE,390,29/03/2023,0.15,1650,NA,BUY,LIMIT,NA,CLI,NRML,DAY,OMDPCG01,NA,,,NA,NA
NFO,OPTSTK,DLF,CE,390,29/03/2023,0.15,1650,NA,BUY,LIMIT,NA,CLI,NRML,DAY,OMDPCG01,NA,,,NA,NA
NFO,OPTSTK,DLF,CE,380,29/03/2023,0.3,1650,NA,BUY,LIMIT,NA,CLI,NRML,DAY,OMDPCG01,NA,,,NA,NA
NFO,OPTSTK,DLF,CE,380,29/03/2023,0.3,1650,NA,BUY,LIMIT,NA,CLI,NRML,DAY,OMDPCG01,NA,,,NA,NA
NFO,OPTSTK,DLF,CE,380,29/03/2023,0.3,1650,NA,BUY,LIMIT,NA,CLI,NRML,DAY,OMDPCG01,NA,,,NA,NA
NFO,OPTSTK,DLF,CE,380,29/03/2023,0.3,1650,NA,BUY,LIMIT,NA,CLI,NRML,DAY,OMDPCG01,NA,,,NA,NA
NFO,OPTSTK,GLENMARK,CE,470,29/03/2023,0.45,1450,NA,BUY,LIMIT,NA,CLI,NRML,DAY,OMDPCG01,NA,,,NA,NA
NFO,OPTSTK,GLENMARK,CE,470,29/03/2023,0.45,1450,NA,BUY,LIMIT,NA,CLI,NRML,DAY,OMDPCG01,NA,,,NA,NA
NFO,OPTSTK,GLENMARK,CE,470,29/03/2023,0.45,1450,NA,BUY,LIMIT,NA,CLI,NRML,DAY,OMDPCG01,NA,,,NA,NA
NFO,OPTSTK,GLENMARK,CE,470,29/03/2023,0.45,1450,NA,BUY,LIMIT,NA,CLI,NRML,DAY,OMDPCG01,NA,,,NA,NA
NFO,OPTSTK,GLENMARK,CE,480,29/03/2023,0.25,1450,NA,BUY,LIMIT,NA,CLI,NRML,DAY,OMDPCG01,NA,,,NA,NA
NFO,OPTSTK,GLENMARK,CE,480,29/03/2023,0.25,1450,NA,BUY,LIMIT,NA,CLI,NRML,DAY,OMDPCG01,NA,,,NA,NA
NFO,OPTSTK,GLENMARK,CE,475,29/03/2023,0.35,1450,NA,BUY,LIMIT,NA,CLI,NRML,DAY,OMDPCG01,NA,,,NA,NA
NFO,OPTSTK,GLENMARK,CE,475,29/03/2023,0.35,1450,NA,BUY,LIMIT,NA,CLI,NRML,DAY,OMDPCG01,NA,,,NA,NA
NFO,OPTSTK,GLENMARK,CE,475,29/03/2023,0.35,1450,NA,BUY,LIMIT,NA,CLI,NRML,DAY,OMDPCG01,NA,,,NA,NA
NFO,OPTSTK,GLENMARK,CE,475,29/03/2023,0.35,1450,NA,BUY,LIMIT,NA,CLI,NRML,DAY,OMDPCG01,NA,,,NA,NA
NFO,OPTSTK,GLENMARK,PE,400,27/04/2023,2.25,1450,NA,BUY,LIMIT,NA,CLI,NRML,DAY,OMDPCG01,NA,,,NA,NA
NFO,OPTSTK,GLENMARK,PE,400,27/04/2023,2.25,1450,NA,BUY,LIMIT,NA,CLI,NRML,DAY,OMDPCG01,NA,,,NA,NA
NFO,OPTSTK,GRANULES,CE,315,29/03/2023,0.25,2000,NA,BUY,LIMIT,NA,CLI,NRML,DAY,OMDPCG01,NA,,,NA,NA
NFO,OPTSTK,GRANULES,CE,315,29/03/2023,0.25,2000,NA,BUY,LIMIT,NA,CLI,NRML,DAY,OMDPCG01,NA,,,NA,NA
NFO,OPTSTK,HAL,PE,2500,27/04/2023,20.3,300,NA,BUY,LIMIT,NA,CLI,NRML,DAY,OMDPCG01,NA,,,NA,NA
NFO,OPTSTK,HAL,PE,2400,27/04/2023,7.4,300,NA,BUY,LIMIT,NA,CLI,NRML,DAY,OMDPCG01,NA,,,NA,NA
NFO,OPTSTK,HAL,PE,2400,27/04/2023,7.4,300,NA,BUY,LIMIT,NA,CLI,NRML,DAY,OMDPCG01,NA,,,NA,NA
NFO,OPTSTK,HINDALCO,CE,470,29/03/2023,0.65,1400,NA,BUY,LIMIT,NA,CLI,NRML,DAY,OMDPCG01,NA,,,NA,NA
NFO,OPTSTK,HINDALCO,CE,470,29/03/2023,0.65,1400,NA,BUY,LIMIT,NA,CLI,NRML,DAY,OMDPCG01,NA,,,NA,NA
NFO,OPTSTK,HINDALCO,PE,370,29/03/2023,1.15,1400,NA,BUY,LIMIT,NA,CLI,NRML,DAY,OMDPCG01,NA,,,NA,NA
NFO,OPTSTK,HINDALCO,PE,370,29/03/2023,1.15,1400,NA,BUY,LIMIT,NA,CLI,NRML,DAY,OMDPCG01,NA,,,NA,NA
NFO,OPTSTK,HINDALCO,PE,360,29/03/2023,0.8,1400,NA,BUY,LIMIT,NA,CLI,NRML,DAY,OMDPCG01,NA,,,NA,NA
NFO,OPTSTK,HINDALCO,PE,360,29/03/2023,0.8,1400,NA,BUY,LIMIT,NA,CLI,NRML,DAY,OMDPCG01,NA,,,NA,NA
NFO,OPTSTK,HINDALCO,CE,440,29/03/2023,2.55,1400,NA,BUY,LIMIT,NA,CLI,NRML,DAY,OMDPCG01,NA,,,NA,NA
NFO,OPTSTK,HINDALCO,CE,440,29/03/2023,2.55,1400,NA,BUY,LIMIT,NA,CLI,NRML,DAY,OMDPCG01,NA,,,NA,NA
NFO,OPTSTK,HINDALCO,CE,440,29/03/2023,2.55,1400,NA,BUY,LIMIT,NA,CLI,NRML,DAY,OMDPCG01,NA,,,NA,NA
NFO,OPTSTK,HINDALCO,CE,460,29/03/2023,1.05,1400,NA,BUY,LIMIT,NA,CLI,NRML,DAY,OMDPCG01,NA,,,NA,NA
NFO,OPTSTK,HINDALCO,CE,460,29/03/2023,1.05,1400,NA,BUY,LIMIT,NA,CLI,NRML,DAY,OMDPCG01,NA,,,NA,NA
NFO,OPTSTK,HINDALCO,PE,380,29/03/2023,1.7,1400,NA,BUY,LIMIT,NA,CLI,NRML,DAY,OMDPCG01,NA,,,NA,NA
NFO,OPTSTK,HINDALCO,PE,380,29/03/2023,1.7,1400,NA,BUY,LIMIT,NA,CLI,NRML,DAY,OMDPCG01,NA,,,NA,NA
NFO,OPTSTK,HINDALCO,PE,380,29/03/2023,1.7,1400,NA,BUY,LIMIT,NA,CLI,NRML,DAY,OMDPCG01,NA,,,NA,NA
NFO,OPTSTK,HINDALCO,PE,370,27/04/2023,1.5,1400,NA,BUY,LIMIT,NA,CLI,NRML,DAY,OMDPCG01,NA,,,NA,NA
NFO,OPTSTK,HINDALCO,PE,370,27/04/2023,1.5,1400,NA,BUY,LIMIT,NA,CLI,NRML,DAY,OMDPCG01,NA,,,NA,NA
NFO,OPTSTK,HINDALCO,PE,370,27/04/2023,1.5,1400,NA,BUY,LIMIT,NA,CLI,NRML,DAY,OMDPCG01,NA,,,NA,NA
NFO,OPTSTK,HINDALCO,PE,380,27/04/2023,3.7,1400,NA,BUY,LIMIT,NA,CLI,NRML,DAY,OMDPCG01,NA,,,NA,NA
NFO,OPTSTK,HINDALCO,PE,380,27/04/2023,3.7,1400,NA,BUY,LIMIT,NA,CLI,NRML,DAY,OMDPCG01,NA,,,NA,NA
NFO,OPTSTK,HINDALCO,PE,380,27/04/2023,3.7,1400,NA,BUY,LIMIT,NA,CLI,NRML,DAY,OMDPCG01,NA,,,NA,NA
NFO,OPTSTK,HINDALCO,PE,380,27/04/2023,3.7,1400,NA,BUY,LIMIT,NA,CLI,NRML,DAY,OMDPCG01,NA,,,NA,NA
NFO,OPTSTK,HINDALCO,PE,380,27/04/2023,3.7,1400,NA,BUY,LIMIT,NA,CLI,NRML,DAY,OMDPCG01,NA,,,NA,NA
NFO,OPTSTK,HINDCOPPER,PE,110,29/03/2023,4,4800,NA,BUY,LIMIT,NA,CLI,NRML,DAY,OMDPCG01,NA,,,NA,NA
NFO,OPTSTK,HINDCOPPER,PE,120,29/03/2023,9,4800,NA,BUY,LIMIT,NA,CLI,NRML,DAY,OMDPCG01,NA,,,NA,NA
NFO,OPTSTK,HINDCOPPER,PE,120,29/03/2023,9,4800,NA,BUY,LIMIT,NA,CLI,NRML,DAY,OMDPCG01,NA,,,NA,NA
NFO,OPTSTK,HINDCOPPER,PE,120,29/03/2023,9,4800,NA,BUY,LIMIT,NA,CLI,NRML,DAY,OMDPCG01,NA,,,NA,NA
NFO,OPTSTK,HINDCOPPER,PE,120,29/03/2023,9,4800,NA,BUY,LIMIT,NA,CLI,NRML,DAY,OMDPCG01,NA,,,NA,NA
NFO,OPTSTK,HINDCOPPER,PE,120,29/03/2023,9,4800,NA,BUY,LIMIT,NA,CLI,NRML,DAY,OMDPCG01,NA,,,NA,NA
NFO,OPTSTK,HINDCOPPER,PE,120,29/03/2023,9,4800,NA,BUY,LIMIT,NA,CLI,NRML,DAY,OMDPCG01,NA,,,NA,NA
NFO,OPTSTK,HINDCOPPER,PE,115,29/03/2023,9.4,4800,NA,BUY,LIMIT,NA,CLI,NRML,DAY,OMDPCG01,NA,,,NA,NA
NFO,OPTSTK,HINDCOPPER,PE,115,29/03/2023,9.4,4800,NA,BUY,LIMIT,NA,CLI,NRML,DAY,OMDPCG01,NA,,,NA,NA
NFO,OPTSTK,HINDCOPPER,PE,115,29/03/2023,9.4,4800,NA,BUY,LIMIT,NA,CLI,NRML,DAY,OMDPCG01,NA,,,NA,NA
NFO,OPTSTK,HINDCOPPER,CE,115,29/03/2023,0.3,4800,NA,BUY,LIMIT,NA,CLI,NRML,DAY,OMDPCG01,NA,,,NA,NA
NFO,OPTSTK,HINDCOPPER,CE,115,29/03/2023,0.3,4800,NA,BUY,LIMIT,NA,CLI,NRML,DAY,OMDPCG01,NA,,,NA,NA
NFO,OPTSTK,HINDCOPPER,PE,112.5,29/03/2023,7.55,4800,NA,BUY,LIMIT,NA,CLI,NRML,DAY,OMDPCG01,NA,,,NA,NA
NFO,OPTSTK,HINDCOPPER,PE,92.5,27/04/2023,1,4800,NA,BUY,LIMIT,NA,CLI,NRML,DAY,OMDPCG01,NA,,,NA,NA
NFO,OPTSTK,ICICIBANK,PE,700,27/04/2023,1,700,NA,BUY,LIMIT,NA,CLI,NRML,DAY,OMDPCG01,NA,,,NA,NA
NFO,OPTSTK,ICICIBANK,PE,700,27/04/2023,1,700,NA,BUY,LIMIT,NA,CLI,NRML,DAY,OMDPCG01,NA,,,NA,NA
NFO,OPTSTK,ICICIBANK,PE,700,27/04/2023,1,700,NA,BUY,LIMIT,NA,CLI,NRML,DAY,OMDPCG01,NA,,,NA,NA
NFO,OPTSTK,IDEA,PE,6,29/03/2023,0.05,70000,NA,BUY,LIMIT,NA,CLI,NRML,DAY,OMDPCG01,NA,,,NA,NA
NFO,OPTSTK,IDEA,PE,6,29/03/2023,0.05,70000,NA,BUY,LIMIT,NA,CLI,NRML,DAY,OMDPCG01,NA,,,NA,NA
NFO,OPTSTK,IDEA,PE,6,29/03/2023,0.05,70000,NA,BUY,LIMIT,NA,CLI,NRML,DAY,OMDPCG01,NA,,,NA,NA
NFO,OPTSTK,IEX,CE,165,29/03/2023,0.2,3750,NA,BUY,LIMIT,NA,CLI,NRML,DAY,OMDPCG01,NA,,,NA,NA
NFO,OPTSTK,JINDALSTEL,CE,630,29/03/2023,1.75,1250,NA,BUY,LIMIT,NA,CLI,NRML,DAY,OMDPCG01,NA,,,NA,NA
NFO,OPTSTK,JINDALSTEL,CE,630,29/03/2023,1.75,1250,NA,BUY,LIMIT,NA,CLI,NRML,DAY,OMDPCG01,NA,,,NA,NA
NFO,OPTSTK,JINDALSTEL,CE,630,29/03/2023,1.75,1250,NA,BUY,LIMIT,NA,CLI,NRML,DAY,OMDPCG01,NA,,,NA,NA
NFO,OPTSTK,JINDALSTEL,CE,630,29/03/2023,1.75,1250,NA,BUY,LIMIT,NA,CLI,NRML,DAY,OMDPCG01,NA,,,NA,NA
NFO,OPTSTK,JINDALSTEL,PE,500,29/03/2023,0.95,1250,NA,BUY,LIMIT,NA,CLI,NRML,DAY,OMDPCG01,NA,,,NA,NA
NFO,OPTSTK,JINDALSTEL,PE,500,29/03/2023,0.95,1250,NA,BUY,LIMIT,NA,CLI,NRML,DAY,OMDPCG01,NA,,,NA,NA
NFO,OPTSTK,JINDALSTEL,PE,500,29/03/2023,0.95,1250,NA,BUY,LIMIT,NA,CLI,NRML,DAY,OMDPCG01,NA,,,NA,NA
NFO,OPTSTK,JINDALSTEL,PE,500,29/03/2023,0.95,1250,NA,BUY,LIMIT,NA,CLI,NRML,DAY,OMDPCG01,NA,,,NA,NA
NFO,OPTSTK,JINDALSTEL,CE,650,29/03/2023,0.85,1250,NA,BUY,LIMIT,NA,CLI,NRML,DAY,OMDPCG01,NA,,,NA,NA
NFO,OPTSTK,JINDALSTEL,CE,650,29/03/2023,0.85,1250,NA,BUY,LIMIT,NA,CLI,NRML,DAY,OMDPCG01,NA,,,NA,NA
NFO,OPTSTK,JINDALSTEL,CE,650,29/03/2023,0.85,1250,NA,BUY,LIMIT,NA,CLI,NRML,DAY,OMDPCG01,NA,,,NA,NA
NFO,OPTSTK,JINDALSTEL,PE,520,29/03/2023,1.8,1250,NA,BUY,LIMIT,NA,CLI,NRML,DAY,OMDPCG01,NA,,,NA,NA
NFO,OPTSTK,JINDALSTEL,PE,520,29/03/2023,1.8,1250,NA,BUY,LIMIT,NA,CLI,NRML,DAY,OMDPCG01,NA,,,NA,NA
NFO,OPTSTK,JINDALSTEL,CE,670,29/03/2023,0.4,1250,NA,BUY,LIMIT,NA,CLI,NRML,DAY,OMDPCG01,NA,,,NA,NA
NFO,OPTSTK,JINDALSTEL,CE,600,29/03/2023,4.75,1250,NA,BUY,LIMIT,NA,CLI,NRML,DAY,OMDPCG01,NA,,,NA,NA
NFO,OPTSTK,JINDALSTEL,CE,600,29/03/2023,4.75,1250,NA,BUY,LIMIT,NA,CLI,NRML,DAY,OMDPCG01,NA,,,NA,NA
NFO,OPTSTK,JINDALSTEL,CE,600,29/03/2023,4.75,1250,NA,BUY,LIMIT,NA,CLI,NRML,DAY,OMDPCG01,NA,,,NA,NA
NFO,OPTSTK,JINDALSTEL,CE,600,29/03/2023,4.75,1250,NA,BUY,LIMIT,NA,CLI,NRML,DAY,OMDPCG01,NA,,,NA,NA
NFO,OPTSTK,JINDALSTEL,CE,620,29/03/2023,2.3,1250,NA,BUY,LIMIT,NA,CLI,NRML,DAY,OMDPCG01,NA,,,NA,NA
NFO,OPTSTK,JINDALSTEL,CE,620,29/03/2023,2.3,1250,NA,BUY,LIMIT,NA,CLI,NRML,DAY,OMDPCG01,NA,,,NA,NA
NFO,OPTSTK,JINDALSTEL,CE,620,29/03/2023,2.3,1250,NA,BUY,LIMIT,NA,CLI,NRML,DAY,OMDPCG01,NA,,,NA,NA
NFO,OPTSTK,JINDALSTEL,CE,620,29/03/2023,2.3,1250,NA,BUY,LIMIT,NA,CLI,NRML,DAY,OMDPCG01,NA,,,NA,NA
NFO,OPTSTK,JINDALSTEL,CE,640,29/03/2023,1.2,1250,NA,BUY,LIMIT,NA,CLI,NRML,DAY,OMDPCG01,NA,,,NA,NA
NFO,OPTSTK,JINDALSTEL,CE,640,29/03/2023,1.2,1250,NA,BUY,LIMIT,NA,CLI,NRML,DAY,OMDPCG01,NA,,,NA,NA
NFO,OPTSTK,JINDALSTEL,CE,640,29/03/2023,1.2,1250,NA,BUY,LIMIT,NA,CLI,NRML,DAY,OMDPCG01,NA,,,NA,NA
NFO,OPTSTK,JINDALSTEL,PE,510,29/03/2023,1.3,1250,NA,BUY,LIMIT,NA,CLI,NRML,DAY,OMDPCG01,NA,,,NA,NA
NFO,OPTSTK,JINDALSTEL,PE,510,29/03/2023,1.3,1250,NA,BUY,LIMIT,NA,CLI,NRML,DAY,OMDPCG01,NA,,,NA,NA
NFO,OPTSTK,JINDALSTEL,CE,660,29/03/2023,0.6,1250,NA,BUY,LIMIT,NA,CLI,NRML,DAY,OMDPCG01,NA,,,NA,NA
NFO,OPTSTK,JINDALSTEL,CE,660,29/03/2023,0.6,1250,NA,BUY,LIMIT,NA,CLI,NRML,DAY,OMDPCG01,NA,,,NA,NA
NFO,OPTSTK,JINDALSTEL,CE,660,29/03/2023,0.6,1250,NA,BUY,LIMIT,NA,CLI,NRML,DAY,OMDPCG01,NA,,,NA,NA
NFO,OPTSTK,JINDALSTEL,CE,660,29/03/2023,0.6,1250,NA,BUY,LIMIT,NA,CLI,NRML,DAY,OMDPCG01,NA,,,NA,NA
NFO,OPTSTK,JINDALSTEL,PE,500,27/04/2023,2.9,1250,NA,BUY,LIMIT,NA,CLI,NRML,DAY,OMDPCG01,NA,,,NA,NA
NFO,OPTSTK,JINDALSTEL,PE,500,27/04/2023,2.9,1250,NA,BUY,LIMIT,NA,CLI,NRML,DAY,OMDPCG01,NA,,,NA,NA
NFO,OPTSTK,JSWSTEEL,CE,800,29/03/2023,0.2,1350,NA,BUY,LIMIT,NA,CLI,NRML,DAY,OMDPCG01,NA,,,NA,NA
NFO,OPTSTK,JSWSTEEL,CE,800,29/03/2023,0.2,1350,NA,BUY,LIMIT,NA,CLI,NRML,DAY,OMDPCG01,NA,,,NA,NA
NFO,OPTSTK,JSWSTEEL,CE,790,29/03/2023,0.3,1350,NA,BUY,LIMIT,NA,CLI,NRML,DAY,OMDPCG01,NA,,,NA,NA
NFO,OPTSTK,JSWSTEEL,CE,790,29/03/2023,0.3,1350,NA,BUY,LIMIT,NA,CLI,NRML,DAY,OMDPCG01,NA,,,NA,NA
NFO,OPTSTK,L&TFH,CE,95,29/03/2023,0.1,8924,NA,BUY,LIMIT,NA,CLI,NRML,DAY,OMDPCG01,NA,,,NA,NA
NFO,OPTSTK,L&TFH,CE,95,29/03/2023,0.1,8924,NA,BUY,LIMIT,NA,CLI,NRML,DAY,OMDPCG01,NA,,,NA,NA
NFO,OPTSTK,L&TFH,CE,94,29/03/2023,0.15,8924,NA,BUY,LIMIT,NA,CLI,NRML,DAY,OMDPCG01,NA,,,NA,NA
NFO,OPTSTK,L&TFH,CE,97,29/03/2023,0.1,8924,NA,BUY,LIMIT,NA,CLI,NRML,DAY,OMDPCG01,NA,,,NA,NA
NFO,OPTSTK,L&TFH,CE,97,29/03/2023,0.1,8924,NA,BUY,LIMIT,NA,CLI,NRML,DAY,OMDPCG01,NA,,,NA,NA
NFO,OPTSTK,L&TFH,CE,96,29/03/2023,0.1,8924,NA,BUY,LIMIT,NA,CLI,NRML,DAY,OMDPCG01,NA,,,NA,NA
NFO,OPTSTK,L&TFH,CE,96,29/03/2023,0.1,8924,NA,BUY,LIMIT,NA,CLI,NRML,DAY,OMDPCG01,NA,,,NA,NA
NFO,OPTSTK,LALPATHLAB,CE,2100,29/03/2023,1.85,250,NA,BUY,LIMIT,NA,CLI,NRML,DAY,OMDPCG01,NA,,,NA,NA
NFO,OPTSTK,LALPATHLAB,CE,2100,29/03/2023,1.85,250,NA,BUY,LIMIT,NA,CLI,NRML,DAY,OMDPCG01,NA,,,NA,NA
NFO,OPTSTK,LALPATHLAB,CE,2100,29/03/2023,1.85,250,NA,BUY,LIMIT,NA,CLI,NRML,DAY,OMDPCG01,NA,,,NA,NA
NFO,OPTSTK,LALPATHLAB,CE,2050,29/03/2023,2.9,250,NA,BUY,LIMIT,NA,CLI,NRML,DAY,OMDPCG01,NA,,,NA,NA
NFO,OPTSTK,LALPATHLAB,CE,2050,29/03/2023,2.9,250,NA,BUY,LIMIT,NA,CLI,NRML,DAY,OMDPCG01,NA,,,NA,NA
NFO,OPTSTK,LALPATHLAB,CE,2050,29/03/2023,2.9,250,NA,BUY,LIMIT,NA,CLI,NRML,DAY,OMDPCG01,NA,,,NA,NA
NFO,OPTSTK,LALPATHLAB,CE,2050,29/03/2023,2.9,250,NA,BUY,LIMIT,NA,CLI,NRML,DAY,OMDPCG01,NA,,,NA,NA
NFO,OPTSTK,LAURUSLABS,CE,340,29/03/2023,0.35,1100,NA,BUY,LIMIT,NA,CLI,NRML,DAY,OMDPCG01,NA,,,NA,NA
NFO,OPTSTK,LAURUSLABS,CE,340,29/03/2023,0.35,1100,NA,BUY,LIMIT,NA,CLI,NRML,DAY,OMDPCG01,NA,,,NA,NA
NFO,OPTSTK,LAURUSLABS,CE,340,29/03/2023,0.35,1100,NA,BUY,LIMIT,NA,CLI,NRML,DAY,OMDPCG01,NA,,,NA,NA
NFO,OPTSTK,LAURUSLABS,CE,335,29/03/2023,0.5,1100,NA,BUY,LIMIT,NA,CLI,NRML,DAY,OMDPCG01,NA,,,NA,NA
NFO,OPTSTK,LAURUSLABS,CE,335,29/03/2023,0.5,1100,NA,BUY,LIMIT,NA,CLI,NRML,DAY,OMDPCG01,NA,,,NA,NA
NFO,OPTSTK,LAURUSLABS,CE,335,29/03/2023,0.5,1100,NA,BUY,LIMIT,NA,CLI,NRML,DAY,OMDPCG01,NA,,,NA,NA
NFO,OPTSTK,LAURUSLABS,CE,330,29/03/2023,0.6,1100,NA,BUY,LIMIT,NA,CLI,NRML,DAY,OMDPCG01,NA,,,NA,NA
NFO,OPTSTK,LAURUSLABS,CE,330,29/03/2023,0.6,1100,NA,BUY,LIMIT,NA,CLI,NRML,DAY,OMDPCG01,NA,,,NA,NA
NFO,OPTSTK,LAURUSLABS,CE,330,29/03/2023,0.6,1100,NA,BUY,LIMIT,NA,CLI,NRML,DAY,OMDPCG01,NA,,,NA,NA
NFO,OPTSTK,LICHSGFIN,CE,390,29/03/2023,0.95,2000,NA,BUY,LIMIT,NA,CLI,NRML,DAY,OMDPCG01,NA,,,NA,NA
NFO,OPTSTK,LICHSGFIN,CE,390,29/03/2023,0.95,2000,NA,BUY,LIMIT,NA,CLI,NRML,DAY,OMDPCG01,NA,,,NA,NA
NFO,OPTSTK,LICHSGFIN,CE,385,29/03/2023,1.2,2000,NA,BUY,LIMIT,NA,CLI,NRML,DAY,OMDPCG01,NA,,,NA,NA
NFO,OPTSTK,LICHSGFIN,CE,385,29/03/2023,1.2,2000,NA,BUY,LIMIT,NA,CLI,NRML,DAY,OMDPCG01,NA,,,NA,NA
NFO,OPTSTK,LICHSGFIN,CE,385,29/03/2023,1.2,2000,NA,BUY,LIMIT,NA,CLI,NRML,DAY,OMDPCG01,NA,,,NA,NA
NFO,OPTSTK,LICHSGFIN,CE,380,29/03/2023,0.25,2000,NA,BUY,LIMIT,NA,CLI,NRML,DAY,OMDPCG01,NA,,,NA,NA
NFO,OPTSTK,LICHSGFIN,CE,380,29/03/2023,0.25,2000,NA,BUY,LIMIT,NA,CLI,NRML,DAY,OMDPCG01,NA,,,NA,NA
NFO,OPTSTK,LICHSGFIN,CE,395,29/03/2023,0.15,2000,NA,BUY,LIMIT,NA,CLI,NRML,DAY,OMDPCG01,NA,,,NA,NA
NFO,OPTSTK,LTIM,PE,4450,29/03/2023,17.5,150,NA,BUY,LIMIT,NA,CLI,NRML,DAY,OMDPCG01,NA,,,NA,NA
NFO,OPTSTK,LTIM,PE,4450,29/03/2023,17.5,150,NA,BUY,LIMIT,NA,CLI,NRML,DAY,OMDPCG01,NA,,,NA,NA
NFO,OPTSTK,LTIM,PE,4450,29/03/2023,17.5,150,NA,BUY,LIMIT,NA,CLI,NRML,DAY,OMDPCG01,NA,,,NA,NA
NFO,OPTSTK,LTIM,PE,4450,29/03/2023,17.5,150,NA,BUY,LIMIT,NA,CLI,NRML,DAY,OMDPCG01,NA,,,NA,NA
NFO,OPTSTK,LTIM,PE,4450,29/03/2023,17.5,150,NA,BUY,LIMIT,NA,CLI,NRML,DAY,OMDPCG01,NA,,,NA,NA
NFO,OPTSTK,LTIM,CE,5200,29/03/2023,11.45,150,NA,BUY,LIMIT,NA,CLI,NRML,DAY,OMDPCG01,NA,,,NA,NA
NFO,OPTSTK,LTIM,CE,5200,29/03/2023,11.45,150,NA,BUY,LIMIT,NA,CLI,NRML,DAY,OMDPCG01,NA,,,NA,NA
NFO,OPTSTK,LTIM,PE,4500,29/03/2023,25.05,150,NA,BUY,LIMIT,NA,CLI,NRML,DAY,OMDPCG01,NA,,,NA,NA
NFO,OPTSTK,LTIM,PE,4500,29/03/2023,25.05,150,NA,BUY,LIMIT,NA,CLI,NRML,DAY,OMDPCG01,NA,,,NA,NA
NFO,OPTSTK,LTIM,PE,4500,29/03/2023,25.05,150,NA,BUY,LIMIT,NA,CLI,NRML,DAY,OMDPCG01,NA,,,NA,NA
NFO,OPTSTK,LTIM,PE,4500,29/03/2023,25.05,150,NA,BUY,LIMIT,NA,CLI,NRML,DAY,OMDPCG01,NA,,,NA,NA
NFO,OPTSTK,LTIM,PE,4500,29/03/2023,25.05,150,NA,BUY,LIMIT,NA,CLI,NRML,DAY,OMDPCG01,NA,,,NA,NA
NFO,OPTSTK,LTIM,CE,5150,29/03/2023,3.95,150,NA,BUY,LIMIT,NA,CLI,NRML,DAY,OMDPCG01,NA,,,NA,NA
NFO,OPTSTK,LTIM,CE,5150,29/03/2023,3.95,150,NA,BUY,LIMIT,NA,CLI,NRML,DAY,OMDPCG01,NA,,,NA,NA
NFO,OPTSTK,LTIM,CE,5250,29/03/2023,4.6,150,NA,BUY,LIMIT,NA,CLI,NRML,DAY,OMDPCG01,NA,,,NA,NA
NFO,OPTSTK,LTTS,CE,4200,29/03/2023,2.8,200,NA,BUY,LIMIT,NA,CLI,NRML,DAY,OMDPCG01,NA,,,NA,NA
NFO,OPTSTK,LTTS,CE,4200,29/03/2023,2.8,200,NA,BUY,LIMIT,NA,CLI,NRML,DAY,OMDPCG01,NA,,,NA,NA
NFO,OPTSTK,LTTS,CE,4000,29/03/2023,12.7,200,NA,BUY,LIMIT,NA,CLI,NRML,DAY,OMDPCG01,NA,,,NA,NA
NFO,OPTSTK,LTTS,CE,4000,29/03/2023,12.7,200,NA,BUY,LIMIT,NA,CLI,NRML,DAY,OMDPCG01,NA,,,NA,NA
NFO,OPTSTK,LTTS,CE,4000,29/03/2023,12.7,200,NA,BUY,LIMIT,NA,CLI,NRML,DAY,OMDPCG01,NA,,,NA,NA
NFO,OPTSTK,LTTS,CE,3900,29/03/2023,4.85,200,NA,BUY,LIMIT,NA,CLI,NRML,DAY,OMDPCG01,NA,,,NA,NA
NFO,OPTSTK,LTTS,CE,3900,29/03/2023,4.85,200,NA,BUY,LIMIT,NA,CLI,NRML,DAY,OMDPCG01,NA,,,NA,NA
NFO,OPTSTK,LTTS,CE,3900,29/03/2023,4.85,200,NA,BUY,LIMIT,NA,CLI,NRML,DAY,OMDPCG01,NA,,,NA,NA
NFO,OPTSTK,LTTS,CE,3900,29/03/2023,4.85,200,NA,BUY,LIMIT,NA,CLI,NRML,DAY,OMDPCG01,NA,,,NA,NA
NFO,OPTSTK,LTTS,CE,3950,29/03/2023,5.5,200,NA,BUY,LIMIT,NA,CLI,NRML,DAY,OMDPCG01,NA,,,NA,NA
NFO,OPTSTK,LTTS,CE,3950,29/03/2023,5.5,200,NA,BUY,LIMIT,NA,CLI,NRML,DAY,OMDPCG01,NA,,,NA,NA
NFO,OPTSTK,LTTS,CE,3950,29/03/2023,5.5,200,NA,BUY,LIMIT,NA,CLI,NRML,DAY,OMDPCG01,NA,,,NA,NA
NFO,OPTSTK,LUPIN,CE,720,29/03/2023,0.6,850,NA,BUY,LIMIT,NA,CLI,NRML,DAY,OMDPCG01,NA,,,NA,NA
NFO,OPTSTK,LUPIN,CE,720,29/03/2023,0.6,850,NA,BUY,LIMIT,NA,CLI,NRML,DAY,OMDPCG01,NA,,,NA,NA
NFO,OPTSTK,LUPIN,CE,720,29/03/2023,0.6,850,NA,BUY,LIMIT,NA,CLI,NRML,DAY,OMDPCG01,NA,,,NA,NA
NFO,OPTSTK,LUPIN,CE,720,29/03/2023,0.6,850,NA,BUY,LIMIT,NA,CLI,NRML,DAY,OMDPCG01,NA,,,NA,NA
NFO,OPTSTK,LUPIN,CE,730,29/03/2023,0.4,850,NA,BUY,LIMIT,NA,CLI,NRML,DAY,OMDPCG01,NA,,,NA,NA
NFO,OPTSTK,LUPIN,CE,730,29/03/2023,0.4,850,NA,BUY,LIMIT,NA,CLI,NRML,DAY,OMDPCG01,NA,,,NA,NA
NFO,OPTSTK,LUPIN,CE,730,29/03/2023,0.4,850,NA,BUY,LIMIT,NA,CLI,NRML,DAY,OMDPCG01,NA,,,NA,NA
NFO,OPTSTK,M&MFIN,CE,295,29/03/2023,0.2,4000,NA,BUY,LIMIT,NA,CLI,NRML,DAY,OMDPCG01,NA,,,NA,NA
NFO,OPTSTK,M&MFIN,CE,280,29/03/2023,0.8,4000,NA,BUY,LIMIT,NA,CLI,NRML,DAY,OMDPCG01,NA,,,NA,NA
NFO,OPTSTK,M&MFIN,CE,280,29/03/2023,0.8,4000,NA,BUY,LIMIT,NA,CLI,NRML,DAY,OMDPCG01,NA,,,NA,NA
NFO,OPTSTK,M&MFIN,CE,280,29/03/2023,0.8,4000,NA,BUY,LIMIT,NA,CLI,NRML,DAY,OMDPCG01,NA,,,NA,NA
NFO,OPTSTK,M&MFIN,CE,290,29/03/2023,0.35,4000,NA,BUY,LIMIT,NA,CLI,NRML,DAY,OMDPCG01,NA,,,NA,NA
NFO,OPTSTK,M&MFIN,CE,290,29/03/2023,0.35,4000,NA,BUY,LIMIT,NA,CLI,NRML,DAY,OMDPCG01,NA,,,NA,NA
NFO,OPTSTK,M&MFIN,CE,300,29/03/2023,0.15,4000,NA,BUY,LIMIT,NA,CLI,NRML,DAY,OMDPCG01,NA,,,NA,NA
NFO,OPTSTK,M&MFIN,CE,300,29/03/2023,0.15,4000,NA,BUY,LIMIT,NA,CLI,NRML,DAY,OMDPCG01,NA,,,NA,NA
NFO,OPTSTK,M&MFIN,CE,300,29/03/2023,0.15,4000,NA,BUY,LIMIT,NA,CLI,NRML,DAY,OMDPCG01,NA,,,NA,NA
NFO,OPTSTK,M&MFIN,CE,300,29/03/2023,0.15,4000,NA,BUY,LIMIT,NA,CLI,NRML,DAY,OMDPCG01,NA,,,NA,NA
NFO,OPTSTK,M&MFIN,CE,275,29/03/2023,1.15,4000,NA,BUY,LIMIT,NA,CLI,NRML,DAY,OMDPCG01,NA,,,NA,NA
NFO,OPTSTK,M&MFIN,CE,275,29/03/2023,1.15,4000,NA,BUY,LIMIT,NA,CLI,NRML,DAY,OMDPCG01,NA,,,NA,NA
NFO,OPTSTK,M&MFIN,CE,275,29/03/2023,1.15,4000,NA,BUY,LIMIT,NA,CLI,NRML,DAY,OMDPCG01,NA,,,NA,NA
NFO,OPTSTK,M&MFIN,CE,270,29/03/2023,0.2,4000,NA,BUY,LIMIT,NA,CLI,NRML,DAY,OMDPCG01,NA,,,NA,NA
NFO,OPTSTK,M&MFIN,CE,270,29/03/2023,0.2,4000,NA,BUY,LIMIT,NA,CLI,NRML,DAY,OMDPCG01,NA,,,NA,NA
NFO,OPTSTK,MCX,CE,1600,29/03/2023,1.2,400,NA,BUY,LIMIT,NA,CLI,NRML,DAY,OMDPCG01,NA,,,NA,NA
NFO,OPTSTK,MCX,CE,1600,29/03/2023,1.2,400,NA,BUY,LIMIT,NA,CLI,NRML,DAY,OMDPCG01,NA,,,NA,NA
NFO,OPTSTK,MCX,CE,1600,29/03/2023,1.2,400,NA,BUY,LIMIT,NA,CLI,NRML,DAY,OMDPCG01,NA,,,NA,NA
NFO,OPTSTK,MCX,CE,1600,29/03/2023,1.2,400,NA,BUY,LIMIT,NA,CLI,NRML,DAY,OMDPCG01,NA,,,NA,NA
NFO,OPTSTK,MCX,CE,1580,29/03/2023,1.5,400,NA,BUY,LIMIT,NA,CLI,NRML,DAY,OMDPCG01,NA,,,NA,NA
NFO,OPTSTK,MCX,CE,1580,29/03/2023,1.5,400,NA,BUY,LIMIT,NA,CLI,NRML,DAY,OMDPCG01,NA,,,NA,NA
NFO,OPTSTK,MCX,CE,1580,29/03/2023,1.5,400,NA,BUY,LIMIT,NA,CLI,NRML,DAY,OMDPCG01,NA,,,NA,NA
NFO,OPTSTK,MCX,CE,1560,29/03/2023,2.2,400,NA,BUY,LIMIT,NA,CLI,NRML,DAY,OMDPCG01,NA,,,NA,NA
NFO,OPTSTK,MCX,CE,1560,29/03/2023,2.2,400,NA,BUY,LIMIT,NA,CLI,NRML,DAY,OMDPCG01,NA,,,NA,NA
NFO,OPTSTK,MCX,CE,1560,29/03/2023,2.2,400,NA,BUY,LIMIT,NA,CLI,NRML,DAY,OMDPCG01,NA,,,NA,NA
NFO,OPTSTK,MCX,CE,1560,29/03/2023,2.2,400,NA,BUY,LIMIT,NA,CLI,NRML,DAY,OMDPCG01,NA,,,NA,NA
NFO,OPTSTK,MCX,CE,1540,29/03/2023,2.9,400,NA,BUY,LIMIT,NA,CLI,NRML,DAY,OMDPCG01,NA,,,NA,NA
NFO,OPTSTK,MCX,CE,1540,29/03/2023,2.9,400,NA,BUY,LIMIT,NA,CLI,NRML,DAY,OMDPCG01,NA,,,NA,NA
NFO,OPTSTK,MCX,CE,1540,29/03/2023,2.9,400,NA,BUY,LIMIT,NA,CLI,NRML,DAY,OMDPCG01,NA,,,NA,NA
NFO,OPTSTK,MPHASIS,PE,1900,29/03/2023,6.85,275,NA,BUY,LIMIT,NA,CLI,NRML,DAY,OMDPCG01,NA,,,NA,NA
NFO,OPTSTK,MPHASIS,PE,1900,29/03/2023,6.85,275,NA,BUY,LIMIT,NA,CLI,NRML,DAY,OMDPCG01,NA,,,NA,NA
NFO,OPTSTK,MPHASIS,PE,1900,29/03/2023,6.85,275,NA,BUY,LIMIT,NA,CLI,NRML,DAY,OMDPCG01,NA,,,NA,NA
NFO,OPTSTK,MPHASIS,CE,2100,29/03/2023,3.2,275,NA,BUY,LIMIT,NA,CLI,NRML,DAY,OMDPCG01,NA,,,NA,NA
NFO,OPTSTK,MPHASIS,CE,2100,29/03/2023,3.2,275,NA,BUY,LIMIT,NA,CLI,NRML,DAY,OMDPCG01,NA,,,NA,NA
NFO,OPTSTK,MPHASIS,CE,2140,29/03/2023,2.2,275,NA,BUY,LIMIT,NA,CLI,NRML,DAY,OMDPCG01,NA,,,NA,NA
NFO,OPTSTK,MPHASIS,CE,2120,29/03/2023,1.95,275,NA,BUY,LIMIT,NA,CLI,NRML,DAY,OMDPCG01,NA,,,NA,NA
NFO,OPTSTK,MPHASIS,CE,2120,29/03/2023,1.95,275,NA,BUY,LIMIT,NA,CLI,NRML,DAY,OMDPCG01,NA,,,NA,NA
NFO,OPTSTK,MPHASIS,CE,2120,29/03/2023,1.95,275,NA,BUY,LIMIT,NA,CLI,NRML,DAY,OMDPCG01,NA,,,NA,NA
NFO,OPTSTK,MUTHOOTFIN,CE,1040,29/03/2023,0.35,550,NA,BUY,LIMIT,NA,CLI,NRML,DAY,OMDPCG01,NA,,,NA,NA
NFO,OPTSTK,NATIONALUM,CE,87,29/03/2023,0.6,7500,NA,BUY,LIMIT,NA,CLI,NRML,DAY,OMDPCG01,NA,,,NA,NA
NFO,OPTSTK,NATIONALUM,CE,87,29/03/2023,0.6,7500,NA,BUY,LIMIT,NA,CLI,NRML,DAY,OMDPCG01,NA,,,NA,NA
NFO,OPTSTK,NATIONALUM,CE,87,29/03/2023,0.6,7500,NA,BUY,LIMIT,NA,CLI,NRML,DAY,OMDPCG01,NA,,,NA,NA
NFO,OPTSTK,NATIONALUM,CE,87,29/03/2023,0.6,7500,NA,BUY,LIMIT,NA,CLI,NRML,DAY,OMDPCG01,NA,,,NA,NA
NFO,OPTSTK,NATIONALUM,CE,87,29/03/2023,0.6,7500,NA,BUY,LIMIT,NA,CLI,NRML,DAY,OMDPCG01,NA,,,NA,NA
NFO,OPTSTK,NATIONALUM,CE,89,29/03/2023,0.35,7500,NA,BUY,LIMIT,NA,CLI,NRML,DAY,OMDPCG01,NA,,,NA,NA
NFO,OPTSTK,NATIONALUM,CE,89,29/03/2023,0.35,7500,NA,BUY,LIMIT,NA,CLI,NRML,DAY,OMDPCG01,NA,,,NA,NA
NFO,OPTSTK,NATIONALUM,CE,88,29/03/2023,0.5,7500,NA,BUY,LIMIT,NA,CLI,NRML,DAY,OMDPCG01,NA,,,NA,NA
NFO,OPTSTK,NATIONALUM,CE,88,29/03/2023,0.5,7500,NA,BUY,LIMIT,NA,CLI,NRML,DAY,OMDPCG01,NA,,,NA,NA
NFO,OPTSTK,NATIONALUM,CE,88,29/03/2023,0.5,7500,NA,BUY,LIMIT,NA,CLI,NRML,DAY,OMDPCG01,NA,,,NA,NA
NFO,OPTSTK,NATIONALUM,CE,88,29/03/2023,0.5,7500,NA,BUY,LIMIT,NA,CLI,NRML,DAY,OMDPCG01,NA,,,NA,NA
NFO,OPTSTK,NATIONALUM,CE,90,29/03/2023,0.3,7500,NA,BUY,LIMIT,NA,CLI,NRML,DAY,OMDPCG01,NA,,,NA,NA
NFO,OPTSTK,NATIONALUM,CE,90,29/03/2023,0.3,7500,NA,BUY,LIMIT,NA,CLI,NRML,DAY,OMDPCG01,NA,,,NA,NA
NFO,OPTSTK,NATIONALUM,CE,85,29/03/2023,0.9,7500,NA,BUY,LIMIT,NA,CLI,NRML,DAY,OMDPCG01,NA,,,NA,NA
NFO,OPTSTK,NATIONALUM,CE,85,29/03/2023,0.9,7500,NA,BUY,LIMIT,NA,CLI,NRML,DAY,OMDPCG01,NA,,,NA,NA
NFO,OPTSTK,NATIONALUM,CE,85,29/03/2023,0.9,7500,NA,BUY,LIMIT,NA,CLI,NRML,DAY,OMDPCG01,NA,,,NA,NA
NFO,OPTSTK,NATIONALUM,CE,85,29/03/2023,0.9,7500,NA,BUY,LIMIT,NA,CLI,NRML,DAY,OMDPCG01,NA,,,NA,NA
NFO,OPTSTK,NATIONALUM,CE,85,29/03/2023,0.9,7500,NA,BUY,LIMIT,NA,CLI,NRML,DAY,OMDPCG01,NA,,,NA,NA
NFO,OPTSTK,NATIONALUM,PE,70,27/04/2023,0.15,7500,NA,BUY,LIMIT,NA,CLI,NRML,DAY,OMDPCG01,NA,,,NA,NA
NFO,OPTSTK,NATIONALUM,PE,70,27/04/2023,0.15,7500,NA,BUY,LIMIT,NA,CLI,NRML,DAY,OMDPCG01,NA,,,NA,NA
NFO,OPTSTK,PFC,CE,180,29/03/2023,0.1,6200,NA,BUY,LIMIT,NA,CLI,NRML,DAY,OMDPCG01,NA,,,NA,NA
NFO,OPTSTK,PFC,CE,180,29/03/2023,0.1,6200,NA,BUY,LIMIT,NA,CLI,NRML,DAY,OMDPCG01,NA,,,NA,NA
NFO,OPTSTK,PFC,CE,180,29/03/2023,0.1,6200,NA,BUY,LIMIT,NA,CLI,NRML,DAY,OMDPCG01,NA,,,NA,NA
NFO,OPTSTK,PNB,PE,42,27/04/2023,0.2,16000,NA,BUY,LIMIT,NA,CLI,NRML,DAY,OMDPCG01,NA,,,NA,NA
NFO,OPTSTK,PNB,PE,42,27/04/2023,0.2,16000,NA,BUY,LIMIT,NA,CLI,NRML,DAY,OMDPCG01,NA,,,NA,NA
NFO,OPTSTK,PNB,PE,41,27/04/2023,0.15,16000,NA,BUY,LIMIT,NA,CLI,NRML,DAY,OMDPCG01,NA,,,NA,NA
NFO,OPTSTK,PNB,PE,41,27/04/2023,0.15,16000,NA,BUY,LIMIT,NA,CLI,NRML,DAY,OMDPCG01,NA,,,NA,NA
NFO,OPTSTK,PNB,PE,40,27/04/2023,0.15,16000,NA,BUY,LIMIT,NA,CLI,NRML,DAY,OMDPCG01,NA,,,NA,NA
NFO,OPTSTK,PNB,PE,40,27/04/2023,0.15,16000,NA,BUY,LIMIT,NA,CLI,NRML,DAY,OMDPCG01,NA,,,NA,NA
NFO,OPTSTK,SAIL,CE,95,29/03/2023,0.2,8000,NA,BUY,LIMIT,NA,CLI,NRML,DAY,OMDPCG01,NA,,,NA,NA
NFO,OPTSTK,SAIL,CE,94,29/03/2023,0.2,8000,NA,BUY,LIMIT,NA,CLI,NRML,DAY,OMDPCG01,NA,,,NA,NA
NFO,OPTSTK,SAIL,CE,94,29/03/2023,0.2,8000,NA,BUY,LIMIT,NA,CLI,NRML,DAY,OMDPCG01,NA,,,NA,NA
NFO,OPTSTK,SAIL,CE,96,29/03/2023,0.15,8000,NA,BUY,LIMIT,NA,CLI,NRML,DAY,OMDPCG01,NA,,,NA,NA
NFO,OPTSTK,SAIL,CE,96,29/03/2023,0.15,8000,NA,BUY,LIMIT,NA,CLI,NRML,DAY,OMDPCG01,NA,,,NA,NA
NFO,OPTSTK,SAIL,CE,90,29/03/2023,0.55,8000,NA,BUY,LIMIT,NA,CLI,NRML,DAY,OMDPCG01,NA,,,NA,NA
NFO,OPTSTK,SAIL,CE,90,29/03/2023,0.55,8000,NA,BUY,LIMIT,NA,CLI,NRML,DAY,OMDPCG01,NA,,,NA,NA
NFO,OPTSTK,SAIL,CE,90,29/03/2023,0.55,8000,NA,BUY,LIMIT,NA,CLI,NRML,DAY,OMDPCG01,NA,,,NA,NA
NFO,OPTSTK,SAIL,CE,90,29/03/2023,0.55,8000,NA,BUY,LIMIT,NA,CLI,NRML,DAY,OMDPCG01,NA,,,NA,NA
NFO,OPTSTK,SAIL,CE,93,29/03/2023,0.3,8000,NA,BUY,LIMIT,NA,CLI,NRML,DAY,OMDPCG01,NA,,,NA,NA
NFO,OPTSTK,SAIL,CE,93,29/03/2023,0.3,8000,NA,BUY,LIMIT,NA,CLI,NRML,DAY,OMDPCG01,NA,,,NA,NA
NFO,OPTSTK,SAIL,CE,92,29/03/2023,0.35,8000,NA,BUY,LIMIT,NA,CLI,NRML,DAY,OMDPCG01,NA,,,NA,NA
NFO,OPTSTK,SAIL,CE,92,29/03/2023,0.35,8000,NA,BUY,LIMIT,NA,CLI,NRML,DAY,OMDPCG01,NA,,,NA,NA
NFO,OPTSTK,SBIN,PE,450,27/04/2023,1.2,1500,NA,BUY,LIMIT,NA,CLI,NRML,DAY,OMDPCG01,NA,,,NA,NA
NFO,OPTSTK,SBIN,PE,450,27/04/2023,1.2,1500,NA,BUY,LIMIT,NA,CLI,NRML,DAY,OMDPCG01,NA,,,NA,NA
NFO,OPTSTK,SBIN,PE,450,27/04/2023,1.2,1500,NA,BUY,LIMIT,NA,CLI,NRML,DAY,OMDPCG01,NA,,,NA,NA
NFO,OPTSTK,SBIN,PE,450,27/04/2023,1.2,1500,NA,BUY,LIMIT,NA,CLI,NRML,DAY,OMDPCG01,NA,,,NA,NA
NFO,OPTSTK,SBIN,PE,465,27/04/2023,1.1,1500,NA,BUY,LIMIT,NA,CLI,NRML,DAY,OMDPCG01,NA,,,NA,NA
NFO,OPTSTK,SBIN,PE,465,27/04/2023,1.1,1500,NA,BUY,LIMIT,NA,CLI,NRML,DAY,OMDPCG01,NA,,,NA,NA
NFO,OPTSTK,SBIN,PE,465,27/04/2023,1.1,1500,NA,BUY,LIMIT,NA,CLI,NRML,DAY,OMDPCG01,NA,,,NA,NA
NFO,OPTSTK,SBIN,PE,460,27/04/2023,1.55,1500,NA,BUY,LIMIT,NA,CLI,NRML,DAY,OMDPCG01,NA,,,NA,NA
NFO,OPTSTK,SBIN,PE,460,27/04/2023,1.55,1500,NA,BUY,LIMIT,NA,CLI,NRML,DAY,OMDPCG01,NA,,,NA,NA
NFO,OPTSTK,SBIN,PE,455,27/04/2023,0.85,1500,NA,BUY,LIMIT,NA,CLI,NRML,DAY,OMDPCG01,NA,,,NA,NA
NFO,OPTSTK,SBIN,PE,470,27/04/2023,1.4,1500,NA,BUY,LIMIT,NA,CLI,NRML,DAY,OMDPCG01,NA,,,NA,NA
NFO,OPTSTK,SBIN,PE,470,27/04/2023,1.4,1500,NA,BUY,LIMIT,NA,CLI,NRML,DAY,OMDPCG01,NA,,,NA,NA
NFO,OPTSTK,SBIN,PE,470,27/04/2023,1.4,1500,NA,BUY,LIMIT,NA,CLI,NRML,DAY,OMDPCG01,NA,,,NA,NA
NFO,OPTSTK,SBIN,PE,470,27/04/2023,1.4,1500,NA,BUY,LIMIT,NA,CLI,NRML,DAY,OMDPCG01,NA,,,NA,NA
NFO,OPTSTK,SHRIRAMFIN,CE,1400,29/03/2023,1.15,600,NA,BUY,LIMIT,NA,CLI,NRML,DAY,OMDPCG01,NA,,,NA,NA
NFO,OPTSTK,SHRIRAMFIN,CE,1400,29/03/2023,1.15,600,NA,BUY,LIMIT,NA,CLI,NRML,DAY,OMDPCG01,NA,,,NA,NA
NFO,OPTSTK,SHRIRAMFIN,CE,1340,29/03/2023,2.95,600,NA,BUY,LIMIT,NA,CLI,NRML,DAY,OMDPCG01,NA,,,NA,NA
NFO,OPTSTK,SHRIRAMFIN,CE,1340,29/03/2023,2.95,600,NA,BUY,LIMIT,NA,CLI,NRML,DAY,OMDPCG01,NA,,,NA,NA
NFO,OPTSTK,SHRIRAMFIN,CE,1340,29/03/2023,2.95,600,NA,BUY,LIMIT,NA,CLI,NRML,DAY,OMDPCG01,NA,,,NA,NA
NFO,OPTSTK,SHRIRAMFIN,CE,1380,29/03/2023,1.2,600,NA,BUY,LIMIT,NA,CLI,NRML,DAY,OMDPCG01,NA,,,NA,NA
NFO,OPTSTK,SHRIRAMFIN,CE,1380,29/03/2023,1.2,600,NA,BUY,LIMIT,NA,CLI,NRML,DAY,OMDPCG01,NA,,,NA,NA
NFO,OPTSTK,SHRIRAMFIN,CE,1380,29/03/2023,1.2,600,NA,BUY,LIMIT,NA,CLI,NRML,DAY,OMDPCG01,NA,,,NA,NA
NFO,OPTSTK,SHRIRAMFIN,CE,1380,29/03/2023,1.2,600,NA,BUY,LIMIT,NA,CLI,NRML,DAY,OMDPCG01,NA,,,NA,NA
NFO,OPTSTK,SHRIRAMFIN,CE,1320,29/03/2023,3.25,600,NA,BUY,LIMIT,NA,CLI,NRML,DAY,OMDPCG01,NA,,,NA,NA
NFO,OPTSTK,SHRIRAMFIN,CE,1320,29/03/2023,3.25,600,NA,BUY,LIMIT,NA,CLI,NRML,DAY,OMDPCG01,NA,,,NA,NA
NFO,OPTSTK,SHRIRAMFIN,CE,1320,29/03/2023,3.25,600,NA,BUY,LIMIT,NA,CLI,NRML,DAY,OMDPCG01,NA,,,NA,NA
NFO,OPTSTK,SHRIRAMFIN,CE,1320,29/03/2023,3.25,600,NA,BUY,LIMIT,NA,CLI,NRML,DAY,OMDPCG01,NA,,,NA,NA
NFO,OPTSTK,SHRIRAMFIN,CE,1320,29/03/2023,3.25,600,NA,BUY,LIMIT,NA,CLI,NRML,DAY,OMDPCG01,NA,,,NA,NA
NFO,OPTSTK,SHRIRAMFIN,CE,1360,29/03/2023,2.2,600,NA,BUY,LIMIT,NA,CLI,NRML,DAY,OMDPCG01,NA,,,NA,NA
NFO,OPTSTK,SHRIRAMFIN,CE,1360,29/03/2023,2.2,600,NA,BUY,LIMIT,NA,CLI,NRML,DAY,OMDPCG01,NA,,,NA,NA
NFO,OPTSTK,SHRIRAMFIN,CE,1360,29/03/2023,2.2,600,NA,BUY,LIMIT,NA,CLI,NRML,DAY,OMDPCG01,NA,,,NA,NA
NFO,OPTSTK,SHRIRAMFIN,CE,1360,29/03/2023,2.2,600,NA,BUY,LIMIT,NA,CLI,NRML,DAY,OMDPCG01,NA,,,NA,NA
NFO,OPTSTK,SUNPHARMA,CE,1040,29/03/2023,0.35,700,NA,BUY,LIMIT,NA,CLI,NRML,DAY,OMDPCG01,NA,,,NA,NA
NFO,OPTSTK,SUNPHARMA,CE,1040,29/03/2023,0.35,700,NA,BUY,LIMIT,NA,CLI,NRML,DAY,OMDPCG01,NA,,,NA,NA
NFO,OPTSTK,SYNGENE,CE,660,29/03/2023,0.5,1000,NA,BUY,LIMIT,NA,CLI,NRML,DAY,OMDPCG01,NA,,,NA,NA
NFO,OPTSTK,SYNGENE,CE,660,29/03/2023,0.5,1000,NA,BUY,LIMIT,NA,CLI,NRML,DAY,OMDPCG01,NA,,,NA,NA
NFO,OPTSTK,SYNGENE,CE,650,29/03/2023,0.65,1000,NA,BUY,LIMIT,NA,CLI,NRML,DAY,OMDPCG01,NA,,,NA,NA
NFO,OPTSTK,SYNGENE,CE,650,29/03/2023,0.65,1000,NA,BUY,LIMIT,NA,CLI,NRML,DAY,OMDPCG01,NA,,,NA,NA
NFO,OPTSTK,TATAMOTORS,PE,350,27/04/2023,0.55,1425,NA,BUY,LIMIT,NA,CLI,NRML,DAY,OMDPCG01,NA,,,NA,NA
NFO,OPTSTK,TATAMOTORS,PE,350,27/04/2023,0.55,1425,NA,BUY,LIMIT,NA,CLI,NRML,DAY,OMDPCG01,NA,,,NA,NA
NFO,OPTSTK,TATAMOTORS,PE,350,27/04/2023,0.55,1425,NA,BUY,LIMIT,NA,CLI,NRML,DAY,OMDPCG01,NA,,,NA,NA
NFO,OPTSTK,TATASTEEL,PE,104,29/03/2023,1.2,5500,NA,BUY,LIMIT,NA,CLI,NRML,DAY,OMDPCG01,NA,,,NA,NA
NFO,OPTSTK,TATASTEEL,PE,104,29/03/2023,1.2,5500,NA,BUY,LIMIT,NA,CLI,NRML,DAY,OMDPCG01,NA,,,NA,NA
NFO,OPTSTK,TATASTEEL,PE,104,29/03/2023,1.2,5500,NA,BUY,LIMIT,NA,CLI,NRML,DAY,OMDPCG01,NA,,,NA,NA
NFO,OPTSTK,TATASTEEL,PE,104,29/03/2023,1.2,5500,NA,BUY,LIMIT,NA,CLI,NRML,DAY,OMDPCG01,NA,,,NA,NA
NFO,OPTSTK,TATASTEEL,PE,104,29/03/2023,1.2,5500,NA,BUY,LIMIT,NA,CLI,NRML,DAY,OMDPCG01,NA,,,NA,NA
NFO,OPTSTK,TATASTEEL,PE,104,29/03/2023,1.2,5500,NA,BUY,LIMIT,NA,CLI,NRML,DAY,OMDPCG01,NA,,,NA,NA
NFO,OPTSTK,TATASTEEL,PE,97,29/03/2023,0.35,5500,NA,BUY,LIMIT,NA,CLI,NRML,DAY,OMDPCG01,NA,,,NA,NA
NFO,OPTSTK,TATASTEEL,PE,106,29/03/2023,1.65,5500,NA,BUY,LIMIT,NA,CLI,NRML,DAY,OMDPCG01,NA,,,NA,NA
NFO,OPTSTK,TATASTEEL,PE,106,29/03/2023,1.65,5500,NA,BUY,LIMIT,NA,CLI,NRML,DAY,OMDPCG01,NA,,,NA,NA
NFO,OPTSTK,TATASTEEL,PE,106,29/03/2023,1.65,5500,NA,BUY,LIMIT,NA,CLI,NRML,DAY,OMDPCG01,NA,,,NA,NA
NFO,OPTSTK,TATASTEEL,CE,118,29/03/2023,0.25,5500,NA,BUY,LIMIT,NA,CLI,NRML,DAY,OMDPCG01,NA,,,NA,NA
NFO,OPTSTK,TATASTEEL,CE,118,29/03/2023,0.25,5500,NA,BUY,LIMIT,NA,CLI,NRML,DAY,OMDPCG01,NA,,,NA,NA
NFO,OPTSTK,TATASTEEL,CE,120,29/03/2023,0.2,5500,NA,BUY,LIMIT,NA,CLI,NRML,DAY,OMDPCG01,NA,,,NA,NA
NFO,OPTSTK,TATASTEEL,CE,120,29/03/2023,0.2,5500,NA,BUY,LIMIT,NA,CLI,NRML,DAY,OMDPCG01,NA,,,NA,NA
NFO,OPTSTK,TATASTEEL,PE,110,29/03/2023,2.8,5500,NA,BUY,LIMIT,NA,CLI,NRML,DAY,OMDPCG01,NA,,,NA,NA
NFO,OPTSTK,TATASTEEL,PE,110,29/03/2023,2.8,5500,NA,BUY,LIMIT,NA,CLI,NRML,DAY,OMDPCG01,NA,,,NA,NA
NFO,OPTSTK,TATASTEEL,CE,115,29/03/2023,0.4,5500,NA,BUY,LIMIT,NA,CLI,NRML,DAY,OMDPCG01,NA,,,NA,NA
NFO,OPTSTK,TATASTEEL,CE,115,29/03/2023,0.4,5500,NA,BUY,LIMIT,NA,CLI,NRML,DAY,OMDPCG01,NA,,,NA,NA
NFO,OPTSTK,TATASTEEL,CE,115,29/03/2023,0.4,5500,NA,BUY,LIMIT,NA,CLI,NRML,DAY,OMDPCG01,NA,,,NA,NA
NFO,OPTSTK,TATASTEEL,CE,115,29/03/2023,0.4,5500,NA,BUY,LIMIT,NA,CLI,NRML,DAY,OMDPCG01,NA,,,NA,NA
NFO,OPTSTK,TATASTEEL,PE,105,29/03/2023,1.4,5500,NA,BUY,LIMIT,NA,CLI,NRML,DAY,OMDPCG01,NA,,,NA,NA
NFO,OPTSTK,TATASTEEL,PE,105,29/03/2023,1.4,5500,NA,BUY,LIMIT,NA,CLI,NRML,DAY,OMDPCG01,NA,,,NA,NA
NFO,OPTSTK,TATASTEEL,PE,105,29/03/2023,1.4,5500,NA,BUY,LIMIT,NA,CLI,NRML,DAY,OMDPCG01,NA,,,NA,NA
NFO,OPTSTK,TATASTEEL,PE,105,29/03/2023,1.4,5500,NA,BUY,LIMIT,NA,CLI,NRML,DAY,OMDPCG01,NA,,,NA,NA
NFO,OPTSTK,TATASTEEL,PE,98,29/03/2023,0.45,5500,NA,BUY,LIMIT,NA,CLI,NRML,DAY,OMDPCG01,NA,,,NA,NA
NFO,OPTSTK,TATASTEEL,CE,117,29/03/2023,0.3,5500,NA,BUY,LIMIT,NA,CLI,NRML,DAY,OMDPCG01,NA,,,NA,NA
NFO,OPTSTK,TATASTEEL,CE,117,29/03/2023,0.3,5500,NA,BUY,LIMIT,NA,CLI,NRML,DAY,OMDPCG01,NA,,,NA,NA
NFO,OPTSTK,TATASTEEL,PE,100,29/03/2023,0.6,5500,NA,BUY,LIMIT,NA,CLI,NRML,DAY,OMDPCG01,NA,,,NA,NA
NFO,OPTSTK,TATASTEEL,PE,100,29/03/2023,0.6,5500,NA,BUY,LIMIT,NA,CLI,NRML,DAY,OMDPCG01,NA,,,NA,NA
NFO,OPTSTK,TATASTEEL,CE,119,29/03/2023,0.2,5500,NA,BUY,LIMIT,NA,CLI,NRML,DAY,OMDPCG01,NA,,,NA,NA
NFO,OPTSTK,TATASTEEL,CE,119,29/03/2023,0.2,5500,NA,BUY,LIMIT,NA,CLI,NRML,DAY,OMDPCG01,NA,,,NA,NA
NFO,OPTSTK,TATASTEEL,CE,119,29/03/2023,0.2,5500,NA,BUY,LIMIT,NA,CLI,NRML,DAY,OMDPCG01,NA,,,NA,NA
NFO,OPTSTK,TATASTEEL,PE,97,27/04/2023,0.4,5500,NA,BUY,LIMIT,NA,CLI,NRML,DAY,OMDPCG01,NA,,,NA,NA
NFO,OPTSTK,TATASTEEL,PE,97,27/04/2023,0.4,5500,NA,BUY,LIMIT,NA,CLI,NRML,DAY,OMDPCG01,NA,,,NA,NA
NFO,OPTSTK,TATASTEEL,PE,97,27/04/2023,0.4,5500,NA,BUY,LIMIT,NA,CLI,NRML,DAY,OMDPCG01,NA,,,NA,NA
NFO,OPTSTK,TATASTEEL,PE,96,27/04/2023,0.35,5500,NA,BUY,LIMIT,NA,CLI,NRML,DAY,OMDPCG01,NA,,,NA,NA
NFO,OPTSTK,TATASTEEL,PE,96,27/04/2023,0.35,5500,NA,BUY,LIMIT,NA,CLI,NRML,DAY,OMDPCG01,NA,,,NA,NA
NFO,OPTSTK,TATASTEEL,PE,96,27/04/2023,0.35,5500,NA,BUY,LIMIT,NA,CLI,NRML,DAY,OMDPCG01,NA,,,NA,NA
NFO,OPTSTK,TATASTEEL,PE,96,27/04/2023,0.35,5500,NA,BUY,LIMIT,NA,CLI,NRML,DAY,OMDPCG01,NA,,,NA,NA
NFO,OPTSTK,TATASTEEL,PE,95,27/04/2023,0.35,5500,NA,BUY,LIMIT,NA,CLI,NRML,DAY,OMDPCG01,NA,,,NA,NA
NFO,OPTSTK,TATASTEEL,PE,95,27/04/2023,0.35,5500,NA,BUY,LIMIT,NA,CLI,NRML,DAY,OMDPCG01,NA,,,NA,NA
NFO,OPTSTK,TATASTEEL,PE,95,27/04/2023,0.35,5500,NA,BUY,LIMIT,NA,CLI,NRML,DAY,OMDPCG01,NA,,,NA,NA
NFO,OPTSTK,TATASTEEL,PE,95,27/04/2023,0.35,5500,NA,BUY,LIMIT,NA,CLI,NRML,DAY,OMDPCG01,NA,,,NA,NA
NFO,OPTSTK,TATASTEEL,PE,94,27/04/2023,0.25,5500,NA,BUY,LIMIT,NA,CLI,NRML,DAY,OMDPCG01,NA,,,NA,NA
NFO,OPTSTK,TATASTEEL,PE,94,27/04/2023,0.25,5500,NA,BUY,LIMIT,NA,CLI,NRML,DAY,OMDPCG01,NA,,,NA,NA
NFO,OPTSTK,TECHM,CE,1240,29/03/2023,1.05,600,NA,BUY,LIMIT,NA,CLI,NRML,DAY,OMDPCG01,NA,,,NA,NA
NFO,OPTSTK,TECHM,CE,1240,29/03/2023,1.05,600,NA,BUY,LIMIT,NA,CLI,NRML,DAY,OMDPCG01,NA,,,NA,NA
NFO,OPTSTK,TECHM,CE,1230,29/03/2023,1.35,600,NA,BUY,LIMIT,NA,CLI,NRML,DAY,OMDPCG01,NA,,,NA,NA
NFO,OPTSTK,TECHM,CE,1230,29/03/2023,1.35,600,NA,BUY,LIMIT,NA,CLI,NRML,DAY,OMDPCG01,NA,,,NA,NA
NFO,OPTSTK,TECHM,CE,1230,29/03/2023,1.35,600,NA,BUY,LIMIT,NA,CLI,NRML,DAY,OMDPCG01,NA,,,NA,NA
NFO,OPTSTK,TORNTPHARM,CE,1700,29/03/2023,0.8,500,NA,BUY,LIMIT,NA,CLI,NRML,DAY,OMDPCG01,NA,,,NA,NA
NFO,OPTSTK,TORNTPHARM,CE,1700,29/03/2023,0.8,500,NA,BUY,LIMIT,NA,CLI,NRML,DAY,OMDPCG01,NA,,,NA,NA
NFO,OPTSTK,TORNTPHARM,CE,1700,29/03/2023,0.8,500,NA,BUY,LIMIT,NA,CLI,NRML,DAY,OMDPCG01,NA,,,NA,NA
NFO,OPTSTK,TORNTPHARM,CE,1700,29/03/2023,0.8,500,NA,BUY,LIMIT,NA,CLI,NRML,DAY,OMDPCG01,NA,,,NA,NA
NFO,OPTSTK,TORNTPHARM,CE,1700,29/03/2023,0.8,500,NA,BUY,LIMIT,NA,CLI,NRML,DAY,OMDPCG01,NA,,,NA,NA
NFO,OPTSTK,TORNTPOWER,PE,418,29/03/2023,1.25,1500,NA,BUY,LIMIT,NA,CLI,NRML,DAY,OMDPCG01,NA,,,NA,NA
NFO,OPTSTK,TORNTPOWER,PE,418,29/03/2023,1.25,1500,NA,BUY,LIMIT,NA,CLI,NRML,DAY,OMDPCG01,NA,,,NA,NA
NFO,OPTSTK,VEDL,PE,272.5,29/03/2023,3.75,2000,NA,BUY,LIMIT,NA,CLI,NRML,DAY,OMDPCG01,NA,,,NA,NA
NFO,OPTSTK,VEDL,PE,272.5,29/03/2023,3.75,2000,NA,BUY,LIMIT,NA,CLI,NRML,DAY,OMDPCG01,NA,,,NA,NA
NFO,OPTSTK,VEDL,PE,272.5,29/03/2023,3.75,2000,NA,BUY,LIMIT,NA,CLI,NRML,DAY,OMDPCG01,NA,,,NA,NA
NFO,OPTSTK,VEDL,CE,312.5,29/03/2023,0.85,2000,NA,BUY,LIMIT,NA,CLI,NRML,DAY,OMDPCG01,NA,,,NA,NA
NFO,OPTSTK,VEDL,CE,312.5,29/03/2023,0.85,2000,NA,BUY,LIMIT,NA,CLI,NRML,DAY,OMDPCG01,NA,,,NA,NA
NFO,OPTSTK,VEDL,CE,312.5,29/03/2023,0.85,2000,NA,BUY,LIMIT,NA,CLI,NRML,DAY,OMDPCG01,NA,,,NA,NA
NFO,OPTSTK,VEDL,CE,312.5,29/03/2023,0.85,2000,NA,BUY,LIMIT,NA,CLI,NRML,DAY,OMDPCG01,NA,,,NA,NA
NFO,OPTSTK,VEDL,PE,247.5,29/03/2023,1.45,2000,NA,BUY,LIMIT,NA,CLI,NRML,DAY,OMDPCG01,NA,,,NA,NA
NFO,OPTSTK,VEDL,CE,307.5,29/03/2023,1.1,2000,NA,BUY,LIMIT,NA,CLI,NRML,DAY,OMDPCG01,NA,,,NA,NA
NFO,OPTSTK,VEDL,CE,307.5,29/03/2023,1.1,2000,NA,BUY,LIMIT,NA,CLI,NRML,DAY,OMDPCG01,NA,,,NA,NA
NFO,OPTSTK,VEDL,CE,307.5,29/03/2023,1.1,2000,NA,BUY,LIMIT,NA,CLI,NRML,DAY,OMDPCG01,NA,,,NA,NA
NFO,OPTSTK,VEDL,CE,307.5,29/03/2023,1.1,2000,NA,BUY,LIMIT,NA,CLI,NRML,DAY,OMDPCG01,NA,,,NA,NA
NFO,OPTSTK,VEDL,CE,300,29/03/2023,1.75,2000,NA,BUY,LIMIT,NA,CLI,NRML,DAY,OMDPCG01,NA,,,NA,NA
NFO,OPTSTK,VEDL,CE,300,29/03/2023,1.75,2000,NA,BUY,LIMIT,NA,CLI,NRML,DAY,OMDPCG01,NA,,,NA,NA
NFO,OPTSTK,VEDL,CE,300,29/03/2023,1.75,2000,NA,BUY,LIMIT,NA,CLI,NRML,DAY,OMDPCG01,NA,,,NA,NA
NFO,OPTSTK,VEDL,CE,300,29/03/2023,1.75,2000,NA,BUY,LIMIT,NA,CLI,NRML,DAY,OMDPCG01,NA,,,NA,NA
NFO,OPTSTK,VEDL,CE,300,29/03/2023,1.75,2000,NA,BUY,LIMIT,NA,CLI,NRML,DAY,OMDPCG01,NA,,,NA,NA
NFO,OPTSTK,VEDL,CE,322.5,29/03/2023,0.5,2000,NA,BUY,LIMIT,NA,CLI,NRML,DAY,OMDPCG01,NA,,,NA,NA
NFO,OPTSTK,VEDL,CE,322.5,29/03/2023,0.5,2000,NA,BUY,LIMIT,NA,CLI,NRML,DAY,OMDPCG01,NA,,,NA,NA
NFO,OPTSTK,VEDL,CE,322.5,29/03/2023,0.5,2000,NA,BUY,LIMIT,NA,CLI,NRML,DAY,OMDPCG01,NA,,,NA,NA
NFO,OPTSTK,VEDL,CE,322.5,29/03/2023,0.5,2000,NA,BUY,LIMIT,NA,CLI,NRML,DAY,OMDPCG01,NA,,,NA,NA
NFO,OPTSTK,VEDL,PE,257.5,29/03/2023,2.15,2000,NA,BUY,LIMIT,NA,CLI,NRML,DAY,OMDPCG01,NA,,,NA,NA
NFO,OPTSTK,VEDL,PE,257.5,29/03/2023,2.15,2000,NA,BUY,LIMIT,NA,CLI,NRML,DAY,OMDPCG01,NA,,,NA,NA
NFO,OPTSTK,VEDL,PE,275,29/03/2023,4.2,2000,NA,BUY,LIMIT,NA,CLI,NRML,DAY,OMDPCG01,NA,,,NA,NA
NFO,OPTSTK,VEDL,PE,275,29/03/2023,4.2,2000,NA,BUY,LIMIT,NA,CLI,NRML,DAY,OMDPCG01,NA,,,NA,NA
NFO,OPTSTK,VEDL,PE,275,29/03/2023,4.2,2000,NA,BUY,LIMIT,NA,CLI,NRML,DAY,OMDPCG01,NA,,,NA,NA
NFO,OPTSTK,VEDL,PE,275,29/03/2023,4.2,2000,NA,BUY,LIMIT,NA,CLI,NRML,DAY,OMDPCG01,NA,,,NA,NA
NFO,OPTSTK,VEDL,CE,305,29/03/2023,1.3,2000,NA,BUY,LIMIT,NA,CLI,NRML,DAY,OMDPCG01,NA,,,NA,NA
NFO,OPTSTK,VEDL,CE,305,29/03/2023,1.3,2000,NA,BUY,LIMIT,NA,CLI,NRML,DAY,OMDPCG01,NA,,,NA,NA
NFO,OPTSTK,VEDL,CE,305,29/03/2023,1.3,2000,NA,BUY,LIMIT,NA,CLI,NRML,DAY,OMDPCG01,NA,,,NA,NA
NFO,OPTSTK,VEDL,CE,305,29/03/2023,1.3,2000,NA,BUY,LIMIT,NA,CLI,NRML,DAY,OMDPCG01,NA,,,NA,NA
NFO,OPTSTK,VEDL,CE,325,29/03/2023,0.45,2000,NA,BUY,LIMIT,NA,CLI,NRML,DAY,OMDPCG01,NA,,,NA,NA
NFO,OPTSTK,VEDL,CE,325,29/03/2023,0.45,2000,NA,BUY,LIMIT,NA,CLI,NRML,DAY,OMDPCG01,NA,,,NA,NA
NFO,OPTSTK,VEDL,CE,325,29/03/2023,0.45,2000,NA,BUY,LIMIT,NA,CLI,NRML,DAY,OMDPCG01,NA,,,NA,NA
NFO,OPTSTK,VEDL,CE,325,29/03/2023,0.45,2000,NA,BUY,LIMIT,NA,CLI,NRML,DAY,OMDPCG01,NA,,,NA,NA
NFO,OPTSTK,VEDL,CE,315,29/03/2023,0.75,2000,NA,BUY,LIMIT,NA,CLI,NRML,DAY,OMDPCG01,NA,,,NA,NA
NFO,OPTSTK,VEDL,CE,315,29/03/2023,0.75,2000,NA,BUY,LIMIT,NA,CLI,NRML,DAY,OMDPCG01,NA,,,NA,NA
NFO,OPTSTK,VEDL,CE,315,29/03/2023,0.75,2000,NA,BUY,LIMIT,NA,CLI,NRML,DAY,OMDPCG01,NA,,,NA,NA
NFO,OPTSTK,VEDL,CE,315,29/03/2023,0.75,2000,NA,BUY,LIMIT,NA,CLI,NRML,DAY,OMDPCG01,NA,,,NA,NA
NFO,OPTSTK,VEDL,CE,317.5,29/03/2023,0.65,2000,NA,BUY,LIMIT,NA,CLI,NRML,DAY,OMDPCG01,NA,,,NA,NA
NFO,OPTSTK,VEDL,CE,317.5,29/03/2023,0.65,2000,NA,BUY,LIMIT,NA,CLI,NRML,DAY,OMDPCG01,NA,,,NA,NA
NFO,OPTSTK,VEDL,CE,317.5,29/03/2023,0.65,2000,NA,BUY,LIMIT,NA,CLI,NRML,DAY,OMDPCG01,NA,,,NA,NA
NFO,OPTSTK,VEDL,CE,317.5,29/03/2023,0.65,2000,NA,BUY,LIMIT,NA,CLI,NRML,DAY,OMDPCG01,NA,,,NA,NA
NFO,OPTSTK,VEDL,PE,252.5,29/03/2023,1.75,2000,NA,BUY,LIMIT,NA,CLI,NRML,DAY,OMDPCG01,NA,,,NA,NA
NFO,OPTSTK,VEDL,PE,270,29/03/2023,3.4,2000,NA,BUY,LIMIT,NA,CLI,NRML,DAY,OMDPCG01,NA,,,NA,NA
NFO,OPTSTK,VEDL,PE,270,29/03/2023,3.4,2000,NA,BUY,LIMIT,NA,CLI,NRML,DAY,OMDPCG01,NA,,,NA,NA
NFO,OPTSTK,VEDL,PE,270,29/03/2023,3.4,2000,NA,BUY,LIMIT,NA,CLI,NRML,DAY,OMDPCG01,NA,,,NA,NA
NFO,OPTSTK,VEDL,PE,270,29/03/2023,3.4,2000,NA,BUY,LIMIT,NA,CLI,NRML,DAY,OMDPCG01,NA,,,NA,NA
NFO,OPTSTK,VEDL,CE,320,29/03/2023,0.55,2000,NA,BUY,LIMIT,NA,CLI,NRML,DAY,OMDPCG01,NA,,,NA,NA
NFO,OPTSTK,VEDL,CE,320,29/03/2023,0.55,2000,NA,BUY,LIMIT,NA,CLI,NRML,DAY,OMDPCG01,NA,,,NA,NA
NFO,OPTSTK,VEDL,CE,320,29/03/2023,0.55,2000,NA,BUY,LIMIT,NA,CLI,NRML,DAY,OMDPCG01,NA,,,NA,NA
NFO,OPTSTK,VEDL,CE,320,29/03/2023,0.55,2000,NA,BUY,LIMIT,NA,CLI,NRML,DAY,OMDPCG01,NA,,,NA,NA
NFO,OPTSTK,VEDL,CE,310,29/03/2023,1,2000,NA,BUY,LIMIT,NA,CLI,NRML,DAY,OMDPCG01,NA,,,NA,NA
NFO,OPTSTK,VEDL,CE,310,29/03/2023,1,2000,NA,BUY,LIMIT,NA,CLI,NRML,DAY,OMDPCG01,NA,,,NA,NA
NFO,OPTSTK,VEDL,CE,310,29/03/2023,1,2000,NA,BUY,LIMIT,NA,CLI,NRML,DAY,OMDPCG01,NA,,,NA,NA
NFO,OPTSTK,VEDL,CE,310,29/03/2023,1,2000,NA,BUY,LIMIT,NA,CLI,NRML,DAY,OMDPCG01,NA,,,NA,NA
NFO,OPTSTK,VEDL,PE,250,27/04/2023,2,2000,NA,BUY,LIMIT,NA,CLI,NRML,DAY,OMDPCG01,NA,,,NA,NA
NFO,OPTSTK,VEDL,PE,250,27/04/2023,2,2000,NA,BUY,LIMIT,NA,CLI,NRML,DAY,OMDPCG01,NA,,,NA,NA
NFO,OPTSTK,VEDL,PE,240,27/04/2023,1.25,2000,NA,BUY,LIMIT,NA,CLI,NRML,DAY,OMDPCG01,NA,,,NA,NA
NFO,OPTSTK,VEDL,PE,240,27/04/2023,1.25,2000,NA,BUY,LIMIT,NA,CLI,NRML,DAY,OMDPCG01,NA,,,NA,NA
NFO,OPTSTK,VEDL,PE,240,27/04/2023,1.25,2000,NA,BUY,LIMIT,NA,CLI,NRML,DAY,OMDPCG01,NA,,,NA,NA
NFO,OPTSTK,VEDL,PE,240,27/04/2023,1.25,2000,NA,BUY,LIMIT,NA,CLI,NRML,DAY,OMDPCG01,NA,,,NA,NA
NFO,OPTSTK,VEDL,PE,220,27/04/2023,0.55,2000,NA,BUY,LIMIT,NA,CLI,NRML,DAY,OMDPCG01,NA,,,NA,NA
NFO,OPTSTK,VEDL,PE,220,27/04/2023,0.55,2000,NA,BUY,LIMIT,NA,CLI,NRML,DAY,OMDPCG01,NA,,,NA,NA
NFO,OPTSTK,VEDL,PE,220,27/04/2023,0.55,2000,NA,BUY,LIMIT,NA,CLI,NRML,DAY,OMDPCG01,NA,,,NA,NA
NFO,OPTSTK,VEDL,PE,220,27/04/2023,0.55,2000,NA,BUY,LIMIT,NA,CLI,NRML,DAY,OMDPCG01,NA,,,NA,NA
NFO,OPTSTK,VEDL,PE,230,27/04/2023,0.8,2000,NA,BUY,LIMIT,NA,CLI,NRML,DAY,OMDPCG01,NA,,,NA,NA
NFO,OPTSTK,VEDL,PE,230,27/04/2023,0.8,2000,NA,BUY,LIMIT,NA,CLI,NRML,DAY,OMDPCG01,NA,,,NA,NA
NFO,OPTSTK,VEDL,PE,230,27/04/2023,0.8,2000,NA,BUY,LIMIT,NA,CLI,NRML,DAY,OMDPCG01,NA,,,NA,NA
NFO,OPTSTK,VEDL,PE,245,27/04/2023,1.4,2000,NA,BUY,LIMIT,NA,CLI,NRML,DAY,OMDPCG01,NA,,,NA,NA
NFO,OPTSTK,VEDL,PE,245,27/04/2023,1.4,2000,NA,BUY,LIMIT,NA,CLI,NRML,DAY,OMDPCG01,NA,,,NA,NA
NFO,OPTSTK,VEDL,PE,245,27/04/2023,1.4,2000,NA,BUY,LIMIT,NA,CLI,NRML,DAY,OMDPCG01,NA,,,NA,NA
NFO,OPTSTK,VEDL,PE,225,27/04/2023,0.55,2000,NA,BUY,LIMIT,NA,CLI,NRML,DAY,OMDPCG01,NA,,,NA,NA
NFO,OPTSTK,VEDL,PE,225,27/04/2023,0.55,2000,NA,BUY,LIMIT,NA,CLI,NRML,DAY,OMDPCG01,NA,,,NA,NA
NFO,OPTSTK,VEDL,PE,225,27/04/2023,0.55,2000,NA,BUY,LIMIT,NA,CLI,NRML,DAY,OMDPCG01,NA,,,NA,NA
NFO,OPTSTK,VEDL,PE,225,27/04/2023,0.55,2000,NA,BUY,LIMIT,NA,CLI,NRML,DAY,OMDPCG01,NA,,,NA,NA
NFO,OPTSTK,WIPRO,CE,435,29/03/2023,0.15,1500,NA,BUY,LIMIT,NA,CLI,NRML,DAY,OMDPCG01,NA,,,NA,NA
NFO,OPTSTK,WIPRO,CE,435,29/03/2023,0.15,1500,NA,BUY,LIMIT,NA,CLI,NRML,DAY,OMDPCG01,NA,,,NA,NA
NFO,OPTSTK,WIPRO,CE,435,29/03/2023,0.15,1500,NA,BUY,LIMIT,NA,CLI,NRML,DAY,OMDPCG01,NA,,,NA,NA
NFO,OPTSTK,ZEEL,CE,210,29/03/2023,0.6,3000,NA,BUY,LIMIT,NA,CLI,NRML,DAY,OMDPCG01,NA,,,NA,NA
NFO,OPTSTK,ZEEL,CE,210,29/03/2023,0.6,3000,NA,BUY,LIMIT,NA,CLI,NRML,DAY,OMDPCG01,NA,,,NA,NA
NFO,OPTSTK,ZEEL,CE,210,29/03/2023,0.6,3000,NA,BUY,LIMIT,NA,CLI,NRML,DAY,OMDPCG01,NA,,,NA,NA
NFO,OPTSTK,ZEEL,CE,210,29/03/2023,0.6,3000,NA,BUY,LIMIT,NA,CLI,NRML,DAY,OMDPCG01,NA,,,NA,NA
NFO,OPTSTK,ZYDUSLIFE,CE,520,29/03/2023,0.45,1800,NA,BUY,LIMIT,NA,CLI,NRML,DAY,OMDPCG01,NA,,,NA,NA
NFO,OPTSTK,ZYDUSLIFE,CE,520,29/03/2023,0.45,1800,NA,BUY,LIMIT,NA,CLI,NRML,DAY,OMDPCG01,NA,,,NA,NA
NFO,OPTSTK,ZYDUSLIFE,CE,520,29/03/2023,0.45,1800,NA,BUY,LIMIT,NA,CLI,NRML,DAY,OMDPCG01,NA,,,NA,NA
NFO,OPTSTK,ZYDUSLIFE,CE,520,29/03/2023,0.45,1800,NA,BUY,LIMIT,NA,CLI,NRML,DAY,OMDPCG01,NA,,,NA,NA
NFO,OPTSTK,ZYDUSLIFE,CE,525,29/03/2023,0.35,1800,NA,BUY,LIMIT,NA,CLI,NRML,DAY,OMDPCG01,NA,,,NA,NA
NFO,OPTSTK,ZYDUSLIFE,CE,525,29/03/2023,0.35,1800,NA,BUY,LIMIT,NA,CLI,NRML,DAY,OMDPCG01,NA,,,NA,NA
NFO,OPTSTK,ZYDUSLIFE,CE,525,29/03/2023,0.35,1800,NA,BUY,LIMIT,NA,CLI,NRML,DAY,OMDPCG01,NA,,,NA,NA
NFO,OPTSTK,ZYDUSLIFE,CE,525,29/03/2023,0.35,1800,NA,BUY,LIMIT,NA,CLI,NRML,DAY,OMDPCG01,NA,,,NA,NA
